current_mw,FILLED_baxtel_total_building_sqft,climate_category,company_name,region_B_1,scenario,utilization_u,electricity_twh,co2_mt,weighted_ci_g_per_kwh
103.36478284065622,464740.70161544223,hot summer,company_1,DUK,low_load,0.48,0.43462823888839125,0.23687239019417325,545.0
150.24388655825135,1261040.623508005,hot,company_1,SRP,low_load,0.48,0.6317454942001353,0.34430129433907375,545.0
31.237843675378627,476124.8000532928,hot summer,company_4,MISO,low_load,0.48,0.13134888508623205,0.07158514237199647,545.0
32.56214567719483,370869.1409846477,hot summer,company_4,DUK,low_load,0.48,0.1369173101434688,0.0746199340281905,545.0
299.0370693806963,2150492.798137283,hot summer,company_4,ERCO,low_load,0.48,1.2573910693319519,0.6852781327859139,545.0
37.87806025021423,464014.12347781874,hot summer,company_4,PJM,low_load,0.48,0.1592696677401008,0.08680196891835494,545.0
32.64714475543681,316170.7388293107,cold,company_4,PACW,low_load,0.48,0.1372747142676607,0.07481471927587509,545.0
52.36501238470525,370238.38433459774,cold,company_1,NEVP,low_load,0.48,0.22018440407520865,0.12000050022098872,545.0
35.45722834230212,340032.99617593107,cold,company_1,PACW,low_load,0.48,0.14909055373371197,0.08125435178487303,545.0
31.07879500165328,533375.4096855276,cold,company_4,PNM,low_load,0.48,0.1306801172229517,0.07122066388650868,545.0
49.26142240546326,502256.6607936556,hot summer,company_4,PJM,low_load,0.48,0.2071344289304919,0.11288826376711808,545.0
49.25559255253269,471883.9477040533,cold,company_4,PACE,low_load,0.48,0.20710991556488945,0.11287490398286476,545.0
163.32811348002667,1275069.4165107051,hot summer,company_4,SWPP,low_load,0.48,0.6867620515608162,0.37428531810064486,545.0
45.60559916712542,287248.6370956299,hot summer,company_3,TVA,low_load,0.48,0.19176242337792895,0.1045105207409713,545.0
230.40277157789222,2541539.251497449,hot summer,company_4,TVA,low_load,0.48,0.9687975739307212,0.5279946777922431,545.0
19.60484898662597,90482.1132781842,cold,company_3,BPAT,low_load,0.48,0.08243446901896488,0.04492678561533586,545.0
9.575215682642312,75429.03191432882,cold,company_5,GCPD,low_load,0.48,0.04026186690237439,0.021942717461794044,545.0
40.97784158826464,472718.3539058822,hot summer,company_5,ERCO,low_load,0.48,0.17230362831033516,0.09390547742913267,545.0
38.51227920145169,529482.4296015956,hot summer,company_3,SOCO,low_load,0.48,0.16193643158626406,0.08825535521451391,545.0
39.36980017246609,486637.3231741951,hot summer,company_4,SOCO,low_load,0.48,0.16554213576518542,0.09022046399202606,545.0
37.88788961193531,311056.545740836,hot summer,company_3,ERCO,low_load,0.48,0.15931099824026557,0.08682449404094474,545.0
34.90244402832096,222992.24363504283,hot summer,company_3,PJM,low_load,0.48,0.14675779665028396,0.07998299917440477,545.0
76.91230489197196,332804.9540981276,hot summer,company_3,DUK,low_load,0.48,0.32340085960976367,0.1762534684873212,545.0
22.481966882409495,256901.74414919087,hot summer,company_5,PJM,low_load,0.48,0.09453217434715544,0.05152003501919972,545.0
78.49163098817685,421165.66937153705,hot summer,company_5,MISO,low_load,0.48,0.33004160997908605,0.1798726774386019,545.0
101.4192387468706,929535.4727526573,hot summer,company_3,MISO,low_load,0.48,0.4264476150828415,0.23241395022014863,545.0
72.24210745324218,190350.7653941989,hot summer,company_3,MISO,low_load,0.48,0.30376361341939273,0.16555116931356906,545.0
205.5089986785684,1103600.8453909168,hot summer,company_5,MISO,low_load,0.48,0.8641242376436443,0.4709477095157862,545.0
39.13233612167793,253754.0150665376,hot summer,company_5,MISO,low_load,0.48,0.16454364692443135,0.0896762875738151,545.0
49.694423713531734,287299.85308883595,hot summer,company_1,MISO,low_load,0.48,0.20895511283065824,0.11388053649270875,545.0
29.34763643388671,122308.81966767246,hot summer,company_3,SWPP,low_load,0.48,0.12340094167720683,0.06725351321407773,545.0
22.040176510765612,113933.23264198768,hot summer,company_0,PJM,low_load,0.48,0.09267453419246724,0.05050762113489465,545.0
24.19002972304958,146578.57662691138,hot summer,company_0,PJM,low_load,0.48,0.10171423697947887,0.05543425915381599,545.0
22.926198785427378,153910.6214183082,hot summer,company_0,PJM,low_load,0.48,0.09640008065296503,0.05253804395586594,545.0
6.300476701666312,102136.19599745616,hot summer,company_0,PJM,low_load,0.48,0.02649224443516651,0.014438273217165749,545.0
4.73515755637911,95351.95020699392,hot summer,company_0,PJM,low_load,0.48,0.019910390493062882,0.010851162818719272,545.0
16.306104725744838,135178.84715982055,hot summer,company_0,PJM,low_load,0.48,0.06856390915081188,0.03736733048719248,545.0
14.556360720833029,101856.43099312708,hot summer,company_0,PJM,low_load,0.48,0.061206585558958713,0.0333575891296325,545.0
23.54045604442903,137224.63170483636,hot summer,company_0,PJM,low_load,0.48,0.09898290957561517,0.05394568571871027,545.0
28.51873548290167,115608.01776334576,hot summer,company_0,PJM,low_load,0.48,0.11991557895850492,0.06535399053238519,545.0
20.916787720089328,100901.12397224957,hot summer,company_0,PJM,low_load,0.48,0.08795090900543161,0.04793324540796023,545.0
12.206887912389337,71882.29890686127,hot summer,company_0,PJM,low_load,0.48,0.05132752229401468,0.027973499650238005,545.0
5.013832172988109,20622.441584954144,hot summer,company_0,PJM,low_load,0.48,0.0210821615209804,0.01148977802893432,545.0
27.81559007856516,137385.07172736176,hot summer,company_0,PJM,low_load,0.48,0.11695899316235078,0.06374265127348118,545.0
26.1530307081085,136477.3726463146,hot summer,company_0,PJM,low_load,0.48,0.10996826352145461,0.05993270361919277,545.0
19.44593754546282,204629.7582334174,hot summer,company_0,PJM,low_load,0.48,0.08176627819116206,0.044562621614183326,545.0
9.853685889394923,112016.29035353266,hot summer,company_0,PJM,low_load,0.48,0.041432778427727766,0.022580864243111634,545.0
10.619091674469727,112454.7092606686,hot summer,company_0,PJM,low_load,0.48,0.044651156672810305,0.024334880386681617,545.0
6.155563289793498,34100.73289466079,hot summer,company_0,PJM,low_load,0.48,0.0258829125209237,0.014106187323903419,545.0
7.357508642380161,51296.38497934425,hot summer,company_0,PJM,low_load,0.48,0.030936852339480098,0.016860584525016653,545.0
24.598610414320934,123146.8500198728,hot summer,company_0,PJM,low_load,0.48,0.10343223707013666,0.05637056920322448,545.0
43.5238714835015,247356.59546542863,hot summer,company_0,PJM,low_load,0.48,0.18300917481382709,0.09974000027353577,545.0
11.69353729387695,74440.88252859634,hot summer,company_0,PJM,low_load,0.48,0.0491689856132938,0.026797097159245123,545.0
29.10447009937847,118923.4697900035,hot summer,company_0,PJM,low_load,0.48,0.12237847587386659,0.0666962693512573,545.0
19.090652424606635,124606.35124241638,hot summer,company_0,PJM,low_load,0.48,0.08027237531498597,0.04374844454666736,545.0
19.000133261792918,122637.50696600492,hot summer,company_0,PJM,low_load,0.48,0.07989176033918687,0.043541009384856846,545.0
11.595322674555666,146175.5302120179,hot summer,company_0,PJM,low_load,0.48,0.04875601278197166,0.02657202696617456,545.0
11.91606013454173,139354.9358906302,hot summer,company_0,PJM,low_load,0.48,0.050104649653721064,0.027307034061277984,545.0
20.506083207043815,145847.63020989613,hot summer,company_3,SCEG,low_load,0.48,0.08622397866897782,0.04699206837459292,545.0
15.866928602633077,139680.96513595746,hot summer,company_0,PJM,low_load,0.48,0.06671726138835156,0.0363609074566516,545.0
13.782073853386704,155949.54844370636,hot summer,company_0,PJM,low_load,0.48,0.057950864138720415,0.03158322095560263,545.0
13.989301204113934,150264.47663978796,hot summer,company_0,PJM,low_load,0.48,0.05882221370305827,0.03205810646816676,545.0
25.725766741545996,204405.3470899521,hot summer,company_0,PJM,low_load,0.48,0.10817170399485261,0.058953578677194675,545.0
18.965479094578914,217957.23838749176,hot summer,company_0,PJM,low_load,0.48,0.07974604649688542,0.04346159534080256,545.0
16.79318701280732,146701.4121414556,hot summer,company_0,PJM,low_load,0.48,0.07061199275145222,0.03848353604954146,545.0
43.07974627283067,323070.6825612243,hot summer,company_5,ERCO,low_load,0.48,0.1811417171279984,0.09872223583475913,545.0
10.049671039253015,103070.83350021712,cold,company_0,BPAT,low_load,0.48,0.042256856785851074,0.02302998694828884,545.0
31.776199843596444,122469.2954892791,cold,company_0,PACW,low_load,0.48,0.13361256510235434,0.07281884798078311,545.0
25.670896201920335,256997.38485154105,cold,company_0,BPAT,low_load,0.48,0.10794098434983461,0.05882783647065987,545.0
22.449500201035573,234061.3902002316,cold,company_0,BPAT,low_load,0.48,0.09439565844531438,0.05144563385269634,545.0
51.3411861868325,248534.3486158893,cold,company_0,PACW,low_load,0.48,0.2158794196783933,0.11765428372472436,545.0
2.1723232864422806,29536.44598674052,cold,company_5,BPAT,low_load,0.48,0.009134184954832501,0.004978130800383713,545.0
241.63004750776386,1072118.9183924838,hot summer,company_3,PJM,low_load,0.48,1.0160060237606456,0.5537232829495519,545.0
26.100082484003927,160251.55700583392,hot summer,company_0,PJM,low_load,0.48,0.10974562682873971,0.05981136662166315,545.0
22.788610286563532,172341.5619284399,hot summer,company_0,PJM,low_load,0.48,0.09582154853294234,0.05222274395045358,545.0
26.25117634254888,258737.62788181144,cold,company_0,BPAT,low_load,0.48,0.11038094628514954,0.0601576157254065,545.0
15.194825199434062,158439.4886155294,hot summer,company_0,PJM,low_load,0.48,0.06389120099858034,0.03482070454422629,545.0
124.18995623899112,761671.8807953827,hot,company_3,NEVP,low_load,0.48,0.5221939279937099,0.28459569075657193,545.0
40.52904234404618,328874.0515204871,hot summer,company_3,ERCO,low_load,0.48,0.17041651724824539,0.09287700190029374,545.0
15.442215387541806,179516.3867471939,hot summer,company_0,PJM,low_load,0.48,0.06493142726153578,0.035387627857537005,545.0
49.8760265808319,218592.9064937116,hot summer,company_0,PJM,low_load,0.48,0.209718716567082,0.1142967005290597,545.0
41.06430922554422,272114.8559685249,cold,company_0,CISO,low_load,0.48,0.17266720743156833,0.09410362805020474,545.0
43.32514640612627,229919.4209967804,hot summer,company_0,PJM,low_load,0.48,0.18217357560847977,0.09928459870662149,545.0
29.4738671752318,151525.9772690042,hot summer,company_0,PJM,low_load,0.48,0.12393171669841466,0.067542785600636,545.0
38.71305178602153,466658.4944268557,hot summer,company_4,TVA,low_load,0.48,0.16278064014986332,0.08871544888167551,545.0
49.164749869630846,443079.2490260955,hot summer,company_4,PJM,low_load,0.48,0.20672794025182378,0.11266672743724397,545.0
42.19048930052358,237079.48216802903,hot,company_5,AZPS,low_load,0.48,0.17740256941084157,0.09668440032890865,545.0
41.00709856585511,231435.09880738403,hot,company_5,AZPS,low_load,0.48,0.17242664804970756,0.09397252318709062,545.0
39.275312001118095,265667.4850296389,hot,company_5,AZPS,low_load,0.48,0.16514483190230136,0.09000393338675425,545.0
25.862065228447367,153675.29554530594,hot summer,company_0,PJM,low_load,0.48,0.1087448118725755,0.05926592247055365,545.0
24.32386039376952,149940.20519012536,hot summer,company_0,PJM,low_load,0.48,0.10227696818372208,0.055740947660128534,545.0
31.723418003428964,161099.5810416752,hot summer,company_0,PJM,low_load,0.48,0.1333906280208181,0.07269789227134588,545.0
29.19582245716438,144286.0073429096,hot summer,company_0,PJM,low_load,0.48,0.12276259426788477,0.06690561387599721,545.0
29.762237717788622,137540.38108715444,hot summer,company_0,PJM,low_load,0.48,0.12514425715575758,0.06820362014988789,545.0
27.687088326628533,161423.43057952242,hot summer,company_5,PJM,low_load,0.48,0.11641866899580766,0.06344817460271518,545.0
28.043808452106056,256736.3755460582,hot summer,company_5,PJM,low_load,0.48,0.11791860577941554,0.06426564014978148,545.0
25.5882973398252,75267.9107019397,hot summer,company_5,ERCO,low_load,0.48,0.107593672654497,0.058638551596700866,545.0
30.652907037156453,157486.8075092353,hot summer,company_5,ERCO,low_load,0.48,0.12888934350983544,0.07024469221286032,545.0
30.265693213730273,152038.83488559118,hot summer,company_5,ERCO,low_load,0.48,0.12726118682509305,0.06935734681967572,545.0
34.88689248979228,228060.7032956869,hot summer,company_5,SOCO,low_load,0.48,0.14669240554107857,0.07994736101988782,545.0
20.61887352665091,156946.3316064873,hot summer,company_0,PJM,low_load,0.48,0.08669823940486174,0.04725054047564965,545.0
31.59633458146611,197184.7497642312,hot summer,company_0,PJM,low_load,0.48,0.13285626764814867,0.07240666586824103,545.0
31.722096020936878,167412.89183562773,hot summer,company_0,PJM,low_load,0.48,0.1333850693488354,0.07269486279511529,545.0
42.59815049216674,215911.176985251,hot summer,company_0,PJM,low_load,0.48,0.17911670318946268,0.09761860323825718,545.0
28.013018384512964,140282.84137386674,hot summer,company_0,PJM,low_load,0.48,0.11778913970320011,0.06419508113824407,545.0
28.811295100237217,141468.34096770594,hot summer,company_0,PJM,low_load,0.48,0.12114573363747745,0.06602442483242521,545.0
66.22312735594753,236772.79412428572,cold,company_5,DOPD,low_load,0.48,0.2784550059062881,0.151757978218927,545.0
38.15259434313257,208486.8205643384,cold,company_0,PACW,low_load,0.48,0.16042402869400382,0.08743109563823209,545.0
18.38856270571327,155376.04261657243,hot summer,company_0,PJM,low_load,0.48,0.07732022846498315,0.04213952451341582,545.0
22.10657387397286,191690.4988358896,hot summer,company_0,PJM,low_load,0.48,0.09295372182528108,0.05065977839477819,545.0
18.236701481717866,152028.42619334877,hot summer,company_0,PJM,low_load,0.48,0.07668168239032729,0.04179151690272837,545.0
20.145229527258074,149623.21417913146,hot summer,company_0,PJM,low_load,0.48,0.08470666111621475,0.04616513030833704,545.0
20.232719487669677,148207.88964850194,hot summer,company_0,PJM,low_load,0.48,0.08507453890175344,0.04636562370145563,545.0
24.92203323979427,201425.2033654612,hot summer,company_0,PJM,low_load,0.48,0.10479216536668695,0.05711173012484439,545.0
15.98236511220088,143357.99500190778,hot summer,company_0,PJM,low_load,0.48,0.06720264882378225,0.03662544360896133,545.0
16.380889281700394,153190.35379001344,hot summer,company_0,PJM,low_load,0.48,0.06887836325169382,0.03753870797217313,545.0
42.287618399966014,256261.4648453048,cold,company_5,WACM,low_load,0.48,0.17781097784817707,0.09690698292725651,545.0
45.58378652999005,285336.67132802174,cold,company_0,PJM,low_load,0.48,0.19167070560130214,0.10446053455270968,545.0
19.192158755707446,200993.32305429227,hot summer,company_0,PJM,low_load,0.48,0.08069918913599868,0.043981058079119284,545.0
18.83733296850549,207513.8712337179,hot summer,company_0,PJM,low_load,0.48,0.07920721766597189,0.04316793362795468,545.0
36.69715887964579,237381.20160947824,hot summer,company_5,ERCO,low_load,0.48,0.15430421365713462,0.08409579644313837,545.0
67.39167574419447,297878.72278950905,hot summer,company_3,SWPP,low_load,0.48,0.2833685181691889,0.15443584240220795,545.0
59.363776227248124,199174.97528285772,cold,company_0,BPAT,low_load,0.48,0.24961280628033292,0.13603897942278145,545.0
18.758066407929423,213934.2261533689,cold,company_0,BPAT,low_load,0.48,0.07887391763206164,0.042986285109473596,545.0
62.291623827705,197176.5936454392,cold,company_0,BPAT,low_load,0.48,0.261923819870734,0.14274848182955002,545.0
38.04814505013872,136463.3842450161,hot summer,company_0,PJM,low_load,0.48,0.1599848403068233,0.08719173796721871,545.0
47.932294659569585,197316.5197256224,hot summer,company_0,PJM,low_load,0.48,0.20154571258455817,0.1098424133585842,545.0
41.161689038985564,215312.422710154,hot summer,company_0,PJM,low_load,0.48,0.17307667007112648,0.09432678518876395,545.0
42.57220717752862,214770.27928237416,hot summer,company_0,PJM,low_load,0.48,0.17900761674007232,0.09755915112333942,545.0
17.697749903756176,104644.34489442784,hot summer,company_0,ERCO,low_load,0.48,0.07441549879531396,0.040556446843446115,545.0
13.9559808496563,158917.1619325858,hot summer,company_0,PJM,low_load,0.48,0.0586821082766348,0.03198174901076597,545.0
15.180842926792526,141206.295520529,hot summer,company_0,PJM,low_load,0.48,0.0638324083385772,0.034788662544524576,545.0
71.62700016890594,289041.84291961393,hot summer,company_3,PJM,low_load,0.48,0.3011772103102157,0.16414157961906758,545.0
77.43613512009453,268682.4683433969,hot summer,company_3,PJM,low_load,0.48,0.32560346095297343,0.17745388621937053,545.0
57.73392425087883,241852.048652473,cold,company_0,PACW,low_load,0.48,0.2427596046900953,0.13230398455610196,545.0
28.25580290957131,263623.29252781085,cold,company_0,PACW,low_load,0.48,0.11881000007416544,0.06475145004042017,545.0
29.072974851187197,193908.8940722987,hot summer,company_0,PJM,low_load,0.48,0.12224604465427193,0.0666240943365782,545.0
29.770710899488797,198729.9524147444,hot summer,company_0,PJM,low_load,0.48,0.12517988519017048,0.06822303742864291,545.0
18.89323531700663,154952.9189071703,hot summer,company_0,PJM,low_load,0.48,0.07944227586094947,0.04329604034421747,545.0
28.395785093489167,142941.45082002482,hot summer,company_0,PJM,low_load,0.48,0.11939859716110324,0.06507223545280127,545.0
18.361248433824088,155646.78721554903,hot summer,company_0,PJM,low_load,0.48,0.07720537741454352,0.04207693069092622,545.0
21.490353695816196,191180.60094340728,hot summer,company_0,PJM,low_load,0.48,0.09036263922016793,0.04924763837499153,545.0
55.651998281102216,210430.49282363165,cold,company_0,BPAT,low_load,0.48,0.2340055223723786,0.12753300969294634,545.0
61.07457848892816,214415.686206579,cold,company_0,BPAT,low_load,0.48,0.2568063876302451,0.1399594812584836,545.0
56.193744195985545,180542.0616486889,cold,company_0,BPAT,low_load,0.48,0.23628345559528,0.12877448329942762,545.0
62.88155044183976,196831.8236314276,cold,company_0,BPAT,low_load,0.48,0.2644043432978478,0.14410036709732704,545.0
37.84876933386296,221203.5253671908,cold,company_0,PACW,low_load,0.48,0.159146505295027,0.08673484538578972,545.0
47.10040183361535,212817.26210003783,cold,company_0,PACW,low_load,0.48,0.19804776962998583,0.10793603444834228,545.0
16.558720720312053,147690.80758194198,cold,company_0,BPAT,low_load,0.48,0.06962610888476811,0.03794622934219862,545.0
56.29665167664737,199778.95257682705,cold,company_0,BPAT,low_load,0.48,0.23671616096996684,0.12901030772863192,545.0
14.297232680188623,120519.5387248374,cold,company_0,BPAT,low_load,0.48,0.06011700397365712,0.03276376716564314,545.0
18.46925869725228,108746.8887500514,hot summer,company_0,ERCO,low_load,0.48,0.07765953897020639,0.04232444873876248,545.0
14.614574567169102,112201.94559603398,hot summer,company_5,ERCO,low_load,0.48,0.06145136314003264,0.03349099291131779,545.0
15.304666598062047,156971.76153558443,hot summer,company_0,PJM,low_load,0.48,0.0643530621115313,0.03507241885078456,545.0
51.168909653356664,406752.053241504,hot summer,company_3,PJM,low_load,0.48,0.2151550313104341,0.1172594920641866,545.0
34.04008574044622,237677.3878623116,hot,company_5,AZPS,low_load,0.48,0.1431317525214283,0.07800680512417843,545.0
44.10757777300005,239026.82375511195,hot,company_5,AZPS,low_load,0.48,0.1854635430199106,0.10107763094585129,545.0
66.0796114885571,244593.0226522548,hot summer,company_5,PJM,low_load,0.48,0.27785155038708487,0.15142909496096127,545.0
52.16866704866498,210062.85706649648,cold,company_0,BPAT,low_load,0.48,0.2193588112062265,0.11955055210739345,545.0
20.834170414374704,115516.19156316044,cold,company_0,BPAT,low_load,0.48,0.08760351975836277,0.04774391826830771,545.0
47.972272115196525,213042.63599741232,cold,company_0,BPAT,low_load,0.48,0.20171380978997835,0.10993402633553821,545.0
52.41455947319542,231791.70838577708,cold,company_0,BPAT,low_load,0.48,0.22039273967289208,0.12011404312172619,545.0
23.474582150111786,222277.4780915476,cold,company_0,BPAT,low_load,0.48,0.09870592302479003,0.05379472804851057,545.0
20.311443990640793,208544.1505590209,cold,company_0,BPAT,low_load,0.48,0.08540555969184642,0.046546030032056304,545.0
22.20081272814544,221552.68548661325,cold,company_0,BPAT,low_load,0.48,0.09334997735930595,0.05087573766082174,545.0
49.41192392736841,239719.93256208883,hot summer,company_5,PJM,low_load,0.48,0.2077672577297987,0.1132331554627403,545.0
47.25247519186003,233504.3810426879,cold,company_3,BPAT,low_load,0.48,0.19868720768673304,0.10828452818926951,545.0
44.17014814496623,204163.07215763791,cold,company_0,PACW,low_load,0.48,0.18572663891995397,0.10122101821137493,545.0
8.966012976629921,125095.1615865374,cold,company_2,PGE,low_load,0.48,0.03770029136413349,0.020546658793452754,545.0
22.32351729224688,207291.5327433642,hot summer,company_0,PJM,low_load,0.48,0.09386592551043967,0.051156929403189624,545.0
21.202289243401985,168154.71438519226,hot summer,company_0,PJM,low_load,0.48,0.08915138581065667,0.048587505266807884,545.0
53.21015231933875,233021.70110695928,hot summer,company_0,PJM,low_load,0.48,0.22373804847235557,0.12193723641743379,545.0
50.23551677575477,218514.4692679648,hot summer,company_0,PJM,low_load,0.48,0.21123030093869363,0.11512051401158804,545.0
51.29014194445442,212644.6693153047,hot summer,company_0,PJM,low_load,0.48,0.21566478884804194,0.11753730992218286,545.0
51.12760332104172,223916.10999772247,hot summer,company_0,PJM,low_load,0.48,0.2149813464443162,0.11716483381215234,545.0
52.51566806387082,426932.7525838108,hot summer,company_4,DUK,low_load,0.48,0.220817881074964,0.12034574518585539,545.0
35.32389887887919,232709.5674182485,hot summer,company_5,ERCO,low_load,0.48,0.14852993000591125,0.08094881185322164,545.0
37.86650660557071,238864.9497297001,hot summer,company_5,ERCO,low_load,0.48,0.1592210869751037,0.08677549240143152,545.0
34.83381804134069,212996.25817353185,hot summer,company_5,ERCO,low_load,0.48,0.14646923810022935,0.079825734764625,545.0
28.644412641897645,161691.57310691418,hot summer,company_0,PJM,low_load,0.48,0.12044402627665121,0.06564199432077492,545.0
22.883320433439746,155533.56665221168,hot summer,company_0,PJM,low_load,0.48,0.09621978575852745,0.052439783238397465,545.0
21.23818784902706,149769.1895004221,hot summer,company_0,PJM,low_load,0.48,0.08930233226758898,0.048669771085836,545.0
23.864838428479274,157784.0411255813,hot summer,company_0,PJM,low_load,0.48,0.10034687262406966,0.054689045580117966,545.0
61.97577711538621,278383.6607225549,hot summer,company_0,PJM,low_load,0.48,0.26059574761477594,0.1420246824500529,545.0
59.839761415650045,252273.3281882312,hot summer,company_0,PJM,low_load,0.48,0.2516142288005253,0.1371297546962863,545.0
62.67633378255958,253102.7573287542,cold,company_0,PACW,low_load,0.48,0.2635414482889065,0.14363008931745405,545.0
61.947834525417285,244257.9887557469,cold,company_0,PACW,low_load,0.48,0.2604782546124746,0.14196064876379866,545.0
42.2068841186953,239376.9453816901,hot summer,company_5,PJM,low_load,0.48,0.17747150634229,0.09672197095654805,545.0
40.56758254845378,260379.19770680307,hot summer,company_5,PJM,low_load,0.48,0.17057857109973845,0.09296532124935747,545.0
39.15260714550758,239298.9521761392,hot summer,company_5,PJM,low_load,0.48,0.16462888252543026,0.0897227409763595,545.0
41.41539578886527,250894.5779652424,hot summer,company_5,PJM,low_load,0.48,0.1741434562130207,0.09490818363609628,545.0
44.175041363719956,244029.28191543603,hot summer,company_5,PJM,low_load,0.48,0.18574721392616966,0.10123223158976247,545.0
42.814602659021986,255987.24782182992,hot summer,company_5,PJM,low_load,0.48,0.18002684126065563,0.09811462848705732,545.0
39.72259417200507,254170.77631608688,hot summer,company_5,PJM,low_load,0.48,0.16702556397444687,0.09102893236607355,545.0
42.727946978067415,262969.24930322374,hot summer,company_5,PJM,low_load,0.48,0.17966247145337785,0.09791604694209094,545.0
43.17726407816759,243624.7950143157,hot summer,company_5,PJM,low_load,0.48,0.18155175999587908,0.09894570919775411,545.0
16.388436932781577,94704.60031059182,hot summer,company_5,PJM,low_load,0.48,0.06891009961495996,0.03755600429015318,545.0
45.73579118851751,233010.1444816668,hot summer,company_5,PJM,low_load,0.48,0.1923098547894784,0.10480887086026573,545.0
45.51903138204029,239557.40756406763,hot summer,company_5,PJM,low_load,0.48,0.191398423155203,0.10431214061958564,545.0
47.54793294266111,208867.3300537097,hot summer,company_0,PJM,low_load,0.48,0.19992954843730146,0.1089616038983293,545.0
51.332088009567876,212759.13332061487,hot summer,company_0,PJM,low_load,0.48,0.21584116366263098,0.1176334341961339,545.0
36.29076124629822,196686.75215732591,hot summer,company_0,PJM,low_load,0.48,0.15259539288843474,0.08316448912419694,545.0
37.21258680709944,215159.3761545133,hot summer,company_0,PJM,low_load,0.48,0.15647148500649175,0.085276959328538,545.0
53.087086565019874,294173.9115050382,hot summer,company_0,PJM,low_load,0.48,0.22322058158859556,0.12165521696578459,545.0
46.95614007685286,281195.0657919065,hot summer,company_0,PJM,low_load,0.48,0.1974411777951509,0.10760544189835726,545.0
28.839123586015816,164075.9685941855,hot summer,company_0,PJM,low_load,0.48,0.1212627468544793,0.06608819703569122,545.0
37.24458339185462,211488.31880986068,hot summer,company_5,PJM,low_load,0.48,0.15660602424607029,0.08535028321410831,545.0
16.552140127254344,121909.7444284758,hot summer,company_5,PJM,low_load,0.48,0.06959843880707905,0.03793114914985809,545.0
16.553158194864697,118438.3183821222,hot summer,company_5,PJM,low_load,0.48,0.06960271957776708,0.037933482169883063,545.0
19.246264682484547,139724.2880246797,hot summer,company_5,PJM,low_load,0.48,0.08092669373691103,0.04410504808661651,545.0
16.598216589086466,134253.37676630137,hot summer,company_5,PJM,low_load,0.48,0.06979218111379076,0.03803673870701597,545.0
17.05384101121981,129638.69963908204,hot summer,company_5,PJM,low_load,0.48,0.07170799068397704,0.03908085492276749,545.0
16.90734095822283,131819.79607107883,hot summer,company_5,PJM,low_load,0.48,0.07109198726113534,0.03874513305731877,545.0
41.65792733631986,169870.59857431462,hot summer,company_5,PJM,low_load,0.48,0.17516325286375772,0.09546397281074796,545.0
39.707982550083265,202011.76781655147,hot summer,company_5,PJM,low_load,0.48,0.16696412502659014,0.09099544813949163,545.0
15.703099990470296,95613.80061438231,hot summer,company_5,PJM,low_load,0.48,0.06602839483992949,0.03598547518776157,545.0
48.48125244618023,442406.6854813076,hot summer,company_5,ERCO,low_load,0.48,0.2038539702856986,0.11110041380570575,545.0
19.93311647618114,155443.2496792402,hot summer,company_0,PJM,low_load,0.48,0.08381476815904647,0.04567904864668033,545.0
19.68243440421553,153607.56923802535,hot summer,company_0,PJM,low_load,0.48,0.08276070018284545,0.04510458159965078,545.0
18.229094571546156,151679.13018209348,hot summer,company_0,PJM,low_load,0.48,0.07664969685443727,0.04177408478566832,545.0
56.266331756613155,201700.01821782425,hot summer,company_0,PJM,low_load,0.48,0.23658867177020698,0.12894082611476282,545.0
45.72162595631469,214950.417749928,hot summer,company_0,PJM,low_load,0.48,0.192250292821112,0.10477640958750604,545.0
41.72826486042865,308536.545400298,hot summer,company_3,ERCO,low_load,0.48,0.1754590080851304,0.09562515940639607,545.0
37.09077692776829,308014.4112660164,hot summer,company_3,ERCO,low_load,0.48,0.15595929882588008,0.08499781786010466,545.0
29.543972369254142,496643.2924127061,cold,company_4,PNM,low_load,0.48,0.1242264950182398,0.0677034397849407,545.0
31.905428097204698,506708.3924127892,cold,company_4,PNM,low_load,0.48,0.1341559440631263,0.07311498951440384,545.0
20.236804119388392,147330.562642996,cold,company_4,PNM,low_load,0.48,0.08509171396120431,0.046374984108856356,545.0
28.627439314668848,516729.5400774091,cold,company_4,PNM,low_load,0.48,0.12037265683031957,0.06560309797252417,545.0
29.175775629590397,461281.67298264,cold,company_4,PNM,low_load,0.48,0.12267830136730169,0.06685967424517943,545.0
31.28611905196605,485166.4049248318,cold,company_4,PNM,low_load,0.48,0.13155187338970684,0.07169577099739023,545.0
29.152986966532872,475995.9196274147,cold,company_4,PNM,low_load,0.48,0.12258247959687742,0.0668074513802982,545.0
42.819611536473985,522091.59524691984,hot summer,company_4,SOCO,low_load,0.48,0.18004790258856582,0.09812610691076838,545.0
42.45766366090886,496049.8025355253,hot summer,company_4,SOCO,low_load,0.48,0.17852598416138957,0.09729666136795732,545.0
40.98101323220419,489327.9732513145,hot summer,company_4,SOCO,low_load,0.48,0.17231696443877217,0.09391274561913084,545.0
46.90213568260354,474697.3906184958,hot summer,company_4,SOCO,low_load,0.48,0.19721410011821136,0.1074816845644252,545.0
78.04252951125758,261418.2924259128,hot summer,company_3,SWPP,low_load,0.48,0.3281532280889359,0.17884350930847007,545.0
90.64707734380622,884984.7498183814,hot summer,company_4,SWPP,low_load,0.48,0.3811528308152364,0.20772829279430385,545.0
91.62013022639452,742712.7647859709,hot summer,company_4,SWPP,low_load,0.48,0.3852443235759437,0.2099581563488893,545.0
48.761236256539,486461.0166067326,hot,company_4,SRP,low_load,0.48,0.20503124621149516,0.11174202918526487,545.0
52.57933606479592,402155.80640063225,hot summer,company_4,PJM,low_load,0.48,0.22108559228525387,0.12049164779546337,545.0
38.74527220250343,240886.637433696,hot,company_5,AZPS,low_load,0.48,0.16291612055708643,0.08878928570361211,545.0
60.16874512020315,516806.163378152,hot summer,company_4,PJM,low_load,0.48,0.2529975394814302,0.13788365901737948,545.0
51.703252077866644,470808.74626997806,hot summer,company_4,PJM,low_load,0.48,0.21740183433701366,0.11848399971367245,545.0
52.61292708555508,397682.4265079607,hot summer,company_4,PJM,low_load,0.48,0.22122683580934202,0.1205686255160914,545.0
2.8442031217982797,29473.35134838377,hot summer,company_0,ERCO,low_load,0.48,0.011959305286537407,0.006517821381162887,545.0
37.68572844084413,512909.1871865606,hot summer,company_4,PJM,low_load,0.48,0.1584609509480614,0.08636121826669346,545.0
37.41659022334406,389320.05053381465,hot summer,company_4,PJM,low_load,0.48,0.1573292785711171,0.08574445682125882,545.0
37.0747464643225,448778.3655033492,hot summer,company_4,PJM,low_load,0.48,0.15589189393318326,0.08496108219358488,545.0
41.709951409204876,494226.6367447831,hot summer,company_4,PJM,low_load,0.48,0.17538200368542467,0.09558319200855646,545.0
51.45108839582413,217310.1668305409,cold,company_0,PACW,low_load,0.48,0.2163415364867613,0.11790613738528492,545.0
47.25061407956088,229414.0389969261,cold,company_0,PACW,low_load,0.48,0.1986793820817376,0.10828026323454701,545.0
52.74431407656852,221828.93281025148,cold,company_0,PACW,low_load,0.48,0.22177929182915532,0.12086971404688966,545.0
66.9371252641102,246638.8913680646,hot summer,company_0,PJM,low_load,0.48,0.28145722431053055,0.15339418724923917,545.0
63.639943105938,236168.4261407291,hot summer,company_0,PJM,low_load,0.48,0.2675932327718481,0.14583831186065724,545.0
37.2790740206919,406320.4764584975,hot summer,company_0,PJM,low_load,0.48,0.15675105044220528,0.08542932249100188,545.0
29.52536038657053,150444.13825510867,hot summer,company_0,PJM,low_load,0.48,0.12414823535345176,0.06766078826763122,545.0
32.17466423471961,150104.4696893471,hot summer,company_0,PJM,low_load,0.48,0.13528802817414898,0.0737319753549112,545.0
31.13314715777129,159806.99930311998,hot summer,company_0,PJM,low_load,0.48,0.13090865716899672,0.07134521815710322,545.0
24.743528429176692,161584.67808614284,hot summer,company_0,PJM,low_load,0.48,0.10404158833900215,0.05670266564475618,545.0
31.429899273069815,148917.29691057044,hot summer,company_0,PJM,low_load,0.48,0.13215644046340394,0.07202526005255515,545.0
48.09267659178514,257398.97840883688,hot summer,company_0,PJM,low_load,0.48,0.20222008653313814,0.11020994716056029,545.0
50.279835487862215,257754.1190285648,hot summer,company_0,PJM,low_load,0.48,0.21141665225936304,0.11522207548135287,545.0
42.257084456239085,264566.019169638,hot summer,company_0,PJM,low_load,0.48,0.1776825887215941,0.09683701085326879,545.0
19.138775474739173,147869.9717393834,hot summer,company_0,PJM,low_load,0.48,0.08047472311618327,0.04385872409831988,545.0
19.91723150797834,133081.36409952756,hot summer,company_0,PJM,low_load,0.48,0.08374797504474732,0.04564264639938729,545.0
30.26153448334786,271436.80807384057,hot summer,company_0,PJM,low_load,0.48,0.12724370019558107,0.06934781660659169,545.0
32.727628634399665,266557.8075648185,hot summer,company_0,PJM,low_load,0.48,0.13761313288192373,0.07499915742064844,545.0
14.983626269222608,335462.29062189,hot summer,company_2,ERCO,low_load,0.48,0.06300315173682722,0.03433671769657084,545.0
18.34717312432093,209923.2653184445,hot summer,company_2,PJM,low_load,0.48,0.07714619355314464,0.04204467548646383,545.0
36.54690505791845,356446.4657974896,cold,company_1,PACW,low_load,0.48,0.1536724263875355,0.08375147238120685,545.0
25.950765073542865,286822.150098718,cold,company_1,PACW,low_load,0.48,0.10911777698123303,0.059469188454772004,545.0
37.447525745690044,216015.6476994818,hot summer,company_5,MISO,low_load,0.48,0.1574593562554775,0.08581534915923524,545.0
42.690273360549725,236870.6144913318,hot summer,company_5,MISO,low_load,0.48,0.17950406142643946,0.09782971347740951,545.0
40.36458486960637,245356.9891750526,hot summer,company_5,MISO,low_load,0.48,0.16972500645972083,0.09250012852054786,545.0
38.36404632598187,227757.98173970668,hot summer,company_5,MISO,low_load,0.48,0.16131314199148855,0.08791566238536126,545.0
41.27609657413368,235160.34620735075,hot summer,company_5,MISO,low_load,0.48,0.1735577308749173,0.09458896332682994,545.0
16.29819416659362,103891.83284993794,hot summer,company_5,PJM,low_load,0.48,0.06853064683169287,0.03734920252327262,545.0
48.916483751462934,241812.3772248852,hot summer,company_0,PJM,low_load,0.48,0.20568403087815132,0.11209779682859247,545.0
50.60593416787175,230292.4623246221,hot summer,company_0,PJM,low_load,0.48,0.21278783198906714,0.1159693684340416,545.0
49.45836160402558,233987.10604493573,hot summer,company_0,PJM,low_load,0.48,0.20796251887260678,0.1133395727855707,545.0
50.71616204025149,227938.3927044756,hot summer,company_0,PJM,low_load,0.48,0.21325131814684947,0.11622196839003297,545.0
52.09948858762229,207580.43051661048,hot summer,company_0,PJM,low_load,0.48,0.21906792961323418,0.11939202163921264,545.0
54.42906418899882,214230.2770709225,hot summer,company_0,PJM,low_load,0.48,0.22886332910190224,0.12473051436053673,545.0
14.192634332282768,108605.97879924472,hot summer,company_5,ERCO,low_load,0.48,0.05967718884038259,0.03252406791800851,545.0
33.48501869076763,131445.10533775637,hot summer,company_0,PJM,low_load,0.48,0.14079780659093974,0.07673480459206217,545.0
45.50774605634822,274977.48195959657,hot summer,company_0,PJM,low_load,0.48,0.19135097061773296,0.10428627898666447,545.0
50.04720288605175,262321.5361442119,hot summer,company_0,PJM,low_load,0.48,0.2104384786952704,0.11468897088892238,545.0
51.91336819199818,260536.02888729447,hot summer,company_0,PJM,low_load,0.48,0.21828533057371396,0.11896550516267412,545.0
30.683069069784057,269242.4795866454,hot summer,company_0,PJM,low_load,0.48,0.12901616882462802,0.07031381200942227,545.0
48.85979384841136,220247.0708678047,cold,company_0,BPAT,low_load,0.48,0.20544566117380006,0.11196788533972105,545.0
39.92411916034033,211119.6137174449,cold,company_0,PACW,low_load,0.48,0.16787293624539903,0.09149075025374248,545.0
49.1868283669665,222172.9629353246,cold,company_0,BPAT,low_load,0.48,0.20682077591742073,0.11271732287499431,545.0
48.94384733376613,198648.83506020103,cold,company_0,BPAT,low_load,0.48,0.2057990892690198,0.1121605036516158,545.0
2.102887884354922,37108.68409249967,hot summer,company_0,PJM,low_load,0.48,0.008842222976135575,0.004819011521993889,545.0
30.79808503864292,267710.31635358895,hot summer,company_0,PJM,low_load,0.48,0.12949978797048572,0.07057738444391473,545.0
34.077931576030856,255975.89628891813,hot summer,company_0,PJM,low_load,0.48,0.14329088669089451,0.07809353324653752,545.0
33.72689045011075,213944.74573891165,hot summer,company_0,PJM,low_load,0.48,0.1418148289646257,0.07728908178572101,545.0
12.289147944704261,234942.29577431572,hot summer,company_0,PJM,low_load,0.48,0.051673409277892476,0.0281620080564514,545.0
78.71933607795813,303398.3917785001,hot summer,company_3,PJM,low_load,0.48,0.33099906434059834,0.1803944900656261,545.0
72.8245494661811,287318.91902157664,hot summer,company_3,SWPP,low_load,0.48,0.3062126655953983,0.16688590274949208,545.0
62.841506657169965,277551.1969576037,hot summer,company_3,SWPP,low_load,0.48,0.26423596719206827,0.14400860211967723,545.0
63.72266416250084,299948.3814681757,hot summer,company_3,SWPP,low_load,0.48,0.2679410582704836,0.14602787675741358,545.0
104.62845322501808,906895.8465444904,hot summer,company_3,MISO,low_load,0.48,0.439941720120556,0.23976823746570303,545.0
103.93794980250857,892393.8577745492,hot summer,company_3,MISO,low_load,0.48,0.43703829132958805,0.2381858687746255,545.0
25.18861258291736,110660.22495885658,hot summer,company_3,MISO,low_load,0.48,0.10591307818865091,0.05772262761281475,545.0
65.94349974886065,293635.6418066753,hot summer,company_3,MISO,low_load,0.48,0.2772792277440092,0.15111717912048503,545.0
69.74702270222673,266753.88172692794,hot summer,company_3,MISO,low_load,0.48,0.2932722810583229,0.159833393176786,545.0
58.725939983213394,265887.0944922129,cold,company_5,DOPD,low_load,0.48,0.24693083244141567,0.13457730368057155,545.0
31.08565952994622,215016.8471053953,cold,company_5,GCPD,low_load,0.48,0.13070898119151786,0.07123639474937724,545.0
29.952060246227468,249509.24823533543,cold,company_5,GCPD,low_load,0.48,0.12594242292333727,0.06863862049321881,545.0
27.43457534672585,101055.0873360131,cold,company_5,GCPD,low_load,0.48,0.11535690241791284,0.0628695118177625,545.0
5.320049036222526,39806.57377625922,cold,company_5,GCPD,low_load,0.48,0.022369742187508476,0.01219150949219212,545.0
5.251121283171997,43773.93205467986,cold,company_5,GCPD,low_load,0.48,0.022079914771481614,0.01203355355045748,545.0
13.120297524378106,30598.70417152811,cold,company_5,GCPD,low_load,0.48,0.05516822703050506,0.030066683731625257,545.0
10.744337720561779,69868.27854151303,cold,company_5,GCPD,low_load,0.48,0.04517779124741817,0.024621896229842906,545.0
10.096577914359422,73861.55658705783,cold,company_5,GCPD,low_load,0.48,0.04245409081429849,0.02313747949379268,545.0
10.429894087606721,70399.79677031713,cold,company_5,GCPD,low_load,0.48,0.04385561865956874,0.023901312169464964,545.0
9.9295183886641,70526.05616511658,cold,company_5,GCPD,low_load,0.48,0.04175163892065481,0.022754643211756874,545.0
10.249462551702242,68727.35725725151,cold,company_5,GCPD,low_load,0.48,0.043096940137397594,0.023487832374881692,545.0
10.020354642836509,69800.69031697627,cold,company_5,GCPD,low_load,0.48,0.04213358720219895,0.02296280502519843,545.0
10.134900687805274,71077.3061911222,cold,company_5,GCPD,low_load,0.48,0.042615230412083614,0.02322530057458557,545.0
24.926695090089858,100594.07384038856,cold,company_5,GCPD,low_load,0.48,0.10481176751480983,0.05712241329557136,545.0
23.216058208436415,102584.98017841858,cold,company_5,GCPD,low_load,0.48,0.09761888155483343,0.053202290447384226,545.0
40.108230353842856,155574.48070517034,cold,company_5,GCPD,low_load,0.48,0.16864708699183845,0.09191266241055196,545.0
34.48314664654368,151281.49078595958,cold,company_5,GCPD,low_load,0.48,0.14499473501938687,0.07902213058556584,545.0
45.473621967594035,188252.15830464955,cold,company_5,GCPD,low_load,0.48,0.1912074856493394,0.10420807967888998,545.0
32.01006053113976,468431.3540337302,hot summer,company_4,MISO,low_load,0.48,0.13459590252133646,0.07335476687412838,545.0
31.45566186678636,504620.0262929694,hot summer,company_4,MISO,low_load,0.48,0.1322647670174633,0.07208429802451749,545.0
31.2021866078873,463153.7196086372,hot summer,company_4,MISO,low_load,0.48,0.1311989542488445,0.07150343006562027,545.0
31.208579648565877,457476.347535425,hot summer,company_4,MISO,low_load,0.48,0.1312258357062898,0.07151808045992794,545.0
30.23942895979419,474602.3634947955,hot summer,company_4,MISO,low_load,0.48,0.12715075089014258,0.0692971592351277,545.0
28.900502863210026,447008.23972604674,hot summer,company_4,MISO,low_load,0.48,0.12152083443922551,0.06622885476937791,545.0
40.4968555060673,612247.5826714342,hot summer,company_4,MISO,low_load,0.48,0.17028117803191178,0.09280324202739193,545.0
29.23348057612306,429989.2853004107,hot summer,company_4,MISO,low_load,0.48,0.12292093912648225,0.06699191182393283,545.0
31.733213628043433,494185.1574771527,hot summer,company_4,MISO,low_load,0.48,0.133431816663197,0.07272034008144238,545.0
30.035474279289218,341892.37795629783,cold,company_4,PACW,low_load,0.48,0.1262931622495553,0.06882977342600764,545.0
38.67875218506512,493943.2850712439,cold,company_4,PACW,low_load,0.48,0.1626364171877618,0.0886368473673302,545.0
39.69564416809256,472110.54713877407,cold,company_4,PACW,low_load,0.48,0.16691224459799556,0.09096717330590759,545.0
41.17690691612476,487473.175000408,cold,company_4,PACW,low_load,0.48,0.17314065820092137,0.09436165871950215,545.0
39.206799213432824,472823.326462908,cold,company_4,PACW,low_load,0.48,0.16485674933264233,0.08984692838629008,545.0
38.68536213912151,408580.329795038,cold,company_4,PACW,low_load,0.48,0.16266421072257814,0.0886519948438051,545.0
40.83550791388908,421209.5182484467,cold,company_4,PACW,low_load,0.48,0.1717051436763208,0.09357930330359485,545.0
40.83808863444711,435941.5820018472,cold,company_4,PACW,low_load,0.48,0.1717159950901232,0.09358521732411715,545.0
39.32133844550534,450587.0486297438,cold,company_4,PACW,low_load,0.48,0.16533836389566084,0.09010940832313516,545.0
29.54532423451927,379576.6918786788,hot summer,company_4,DUK,low_load,0.48,0.12423217934130662,0.06770653774101211,545.0
40.81203323780653,467400.7125310285,hot summer,company_4,TVA,low_load,0.48,0.1716064373583289,0.09352550836028925,545.0
37.42287117835572,504669.1691119269,hot summer,company_4,TVA,low_load,0.48,0.15735568873075012,0.08575885035825882,545.0
18.752405435056158,165503.70678176143,hot summer,company_4,TVA,low_load,0.48,0.07885011437332412,0.04297331233346165,545.0
48.61837392622855,470170.6932774453,hot summer,company_4,PJM,low_load,0.48,0.2044305386850058,0.11141464358332817,545.0
49.891722230706954,488075.1462077341,hot summer,company_4,PJM,low_load,0.48,0.2097847136356766,0.11433266893144375,545.0
51.213880774793495,476919.1688472274,hot summer,company_4,PJM,low_load,0.48,0.21534412588185167,0.11736254860560917,545.0
54.15003388395819,466207.88485959166,hot summer,company_4,PJM,low_load,0.48,0.22769006247526735,0.12409108404902072,545.0
52.59251413231676,447066.9785550327,cold,company_4,PACE,low_load,0.48,0.2211410034235655,0.1205218468658432,545.0
50.02664402904593,563184.9180592597,cold,company_4,PACE,low_load,0.48,0.21035203281333234,0.11464185788326614,545.0
50.3819791600447,476265.0277792015,cold,company_4,PACE,low_load,0.48,0.21184614597215595,0.115456149554825,545.0
47.90205425335134,531860.9785236786,cold,company_4,PACE,low_load,0.48,0.2014185577244917,0.10977311395984798,545.0
201.53299061626817,1434532.2530616622,hot summer,company_3,SWPP,low_load,0.48,0.8474059189432844,0.46183622582409006,545.0
79.52332277558688,534898.1572779141,hot summer,company_3,SWPP,low_load,0.48,0.3343796676067877,0.1822369188456993,545.0
102.48732431156569,689099.1199134763,hot summer,company_3,SWPP,low_load,0.48,0.43093870126527134,0.2348615921895729,545.0
67.68169603310939,434706.5074675889,hot summer,company_3,SWPP,low_load,0.48,0.28458799548001834,0.15510045753661,545.0
20.695783535285493,135970.5352163356,hot summer,company_3,SWPP,low_load,0.48,0.08702163060916843,0.0474267886819968,545.0
21.71788965871948,135823.5662488562,hot summer,company_3,SWPP,low_load,0.48,0.09131938243698365,0.04976906342815609,545.0
50.15569013495031,310201.162401196,hot summer,company_3,SWPP,low_load,0.48,0.21089464587943904,0.11493758200429428,545.0
51.44284313060528,398078.802005507,cold,company_1,NEVP,low_load,0.48,0.21630686679556907,0.11788724240358515,545.0
52.170124066713754,422985.4665257135,cold,company_1,NEVP,low_load,0.48,0.219364937675718,0.11955389103326632,545.0
9.883650495110212,20290.60998898013,hot summer,company_1,DUK,low_load,0.48,0.04155877360183941,0.022649531613002483,545.0
50.99497685155956,239580.13811403647,hot summer,company_1,DUK,low_load,0.48,0.21442367866543763,0.11686090487266351,545.0
50.46168015377903,261249.60762762613,hot summer,company_1,DUK,low_load,0.48,0.21218127271061007,0.1156387936272825,545.0
17.229914253740798,123987.41083015827,cold,company_1,CISO,low_load,0.48,0.0724483434541293,0.03948434718250047,545.0
19.392314822122138,102518.50822258556,cold,company_3,BPAT,low_load,0.48,0.08154080536405917,0.04443973892341225,545.0
50.49173077697194,169803.5658707349,cold,company_3,BPAT,low_load,0.48,0.2123076295710116,0.11570765811620133,545.0
20.674251748116937,145781.49918079298,hot summer,company_3,SCEG,low_load,0.48,0.0869310937504821,0.047377446094012746,545.0
32.45338912594997,247588.89286866624,hot summer,company_3,SCEG,low_load,0.48,0.1364600105967944,0.07437070577525295,545.0
31.709235850154826,377505.98009328113,hot summer,company_3,SCEG,low_load,0.48,0.133330994902731,0.07266539222198841,545.0
22.34366812998373,206218.09962217195,hot summer,company_3,SCEG,low_load,0.48,0.09395065575295557,0.05120310738536079,545.0
38.7960514601768,165867.9775209859,hot summer,company_3,SCEG,low_load,0.48,0.1631296371797514,0.08890565226296453,545.0
42.103585460369445,173455.7654175762,hot summer,company_3,SCEG,low_load,0.48,0.17703715614376145,0.09648525009834999,545.0
50.89222467190779,172834.21193892433,hot summer,company_3,SCEG,low_load,0.48,0.21399162630043786,0.11662543633373865,545.0
44.76120697876904,169367.3158526496,hot summer,company_3,SCEG,low_load,0.48,0.18821192310432805,0.1025754980918588,545.0
48.39180722500043,463965.1221948903,hot,company_4,SRP,low_load,0.48,0.2034778710196818,0.11089543970572659,545.0
48.312572838866274,524620.2260242646,hot,company_4,SRP,low_load,0.48,0.20314470627286488,0.11071386491871137,545.0
48.91856204878348,419954.7519290227,hot,company_4,SRP,low_load,0.48,0.20569276970272476,0.112102559487985,545.0
45.07453298855181,529885.1441261551,hot,company_4,SRP,low_load,0.48,0.18952939631026264,0.10329352098909314,545.0
39.28339124296136,824423.4298113529,hot summer,company_3,SOCO,low_load,0.48,0.1651788034984039,0.09002244790663012,545.0
19.40631126782038,287837.0662710346,hot summer,company_0,PJM,low_load,0.48,0.08159965761893113,0.04447181340231747,545.0
20.323658341957465,295130.9301577647,hot summer,company_0,PJM,low_load,0.48,0.08545691859626275,0.04657402063496321,545.0
51.29166493071586,447929.3263228014,hot summer,company_0,PJM,low_load,0.48,0.21567119270067403,0.11754080002186736,545.0
55.160686520293865,337576.4713072692,hot summer,company_0,PJM,low_load,0.48,0.23193965468053163,0.12640711180088973,545.0
166.9314833087209,220000.0,hot summer,company_5,PJM,low_load,0.48,0.7019135010165096,0.3825428580539978,545.0
58.770321547289996,220000.0,hot summer,company_3,TVA,low_load,0.48,0.24711744804204497,0.1346790091829145,545.0
72.2468686200956,220000.0,hot summer,company_3,PJM,low_load,0.48,0.30378363317377793,0.165562080079709,545.0
37.082761696045395,135900.12390153698,hot summer,company_0,PJM,low_load,0.48,0.15592559637953166,0.08497945002684476,545.0
37.082761696045395,209025.2960172565,hot summer,company_0,PJM,low_load,0.48,0.15592559637953166,0.08497945002684476,545.0
37.082761696045395,248645.4054429332,hot summer,company_0,PJM,low_load,0.48,0.15592559637953166,0.08497945002684476,545.0
18.157320051974306,220000.0,cold,company_5,PSEI,low_load,0.48,0.07634789935454156,0.041609605148225155,545.0
19.698761492681598,220000.0,hot summer,company_3,PJM,low_load,0.48,0.08282935232442758,0.04514199701681303,545.0
46.110265873008686,220000.0,cold,company_3,NEVP,low_load,0.48,0.19388444594282692,0.10566702303884068,545.0
37.082761696045395,1596.539947806019,hot summer,company_2,PJM,low_load,0.48,0.15592559637953166,0.08497945002684476,545.0
9.025400997027669,220000.0,hot summer,company_2,SOCO,low_load,0.48,0.03795000611230194,0.02068275333120456,545.0
37.082761696045395,570073.3359534875,cold,company_0,CISO,low_load,0.48,0.15592559637953166,0.08497945002684476,545.0
27.43121600120463,167412.89183562773,hot summer,Synthetic added facility 1,PJM,low_load,0.48,0.11534277704186523,0.06286181348781655,545.0
43.56597923631668,470170.6932774453,hot summer,Synthetic added facility 2,PJM,low_load,0.48,0.18318622949286434,0.09983649507361107,545.0
22.551177054493916,286822.150098718,cold,Synthetic added facility 3,PACW,low_load,0.48,0.09482318927873601,0.05167863815691113,545.0
103.36478284065622,464740.70161544223,hot summer,company_1,DUK,central,0.58,0.5251757886568061,0.28622080481795936,545.0
150.24388655825135,1261040.623508005,hot,company_1,SRP,central,0.58,0.7633591388251634,0.4160307306597141,545.0
31.237843675378627,476124.8000532928,hot summer,company_4,MISO,central,0.58,0.15871323614586372,0.08649871369949573,545.0
32.56214567719483,370869.1409846477,hot summer,company_4,DUK,central,0.58,0.16544174975669146,0.09016575361739686,545.0
299.0370693806963,2150492.798137283,hot summer,company_4,ERCO,central,0.58,1.519347542109442,0.8280444104496459,545.0
37.87806025021423,464014.12347781874,hot summer,company_4,PJM,central,0.58,0.19245084851928845,0.10488571244301222,545.0
32.64714475543681,316170.7388293107,cold,company_4,PACW,central,0.58,0.16587361307342333,0.09040111912501572,545.0
52.36501238470525,370238.38433459774,cold,company_1,NEVP,central,0.58,0.2660561549242105,0.14500060443369472,545.0
35.45722834230212,340032.99617593107,cold,company_1,PACW,central,0.58,0.18015108576156863,0.09818234174005491,545.0
31.07879500165328,533375.4096855276,cold,company_4,PNM,central,0.58,0.15790514164439995,0.08605830219619798,545.0
49.26142240546326,502256.6607936556,hot summer,company_4,PJM,central,0.58,0.2502874349576777,0.13640665205193436,545.0
49.25559255253269,471883.9477040533,cold,company_4,PACE,central,0.58,0.25025781464090807,0.13639050897929492,545.0
163.32811348002667,1275069.4165107051,hot summer,company_4,SWPP,central,0.58,0.8298374789693195,0.4522614260382791,545.0
45.60559916712542,287248.6370956299,hot summer,company_3,TVA,central,0.58,0.23171292824833084,0.12628354589534033,545.0
230.40277157789222,2541539.251497449,hot summer,company_4,TVA,central,0.58,1.1706304018329547,0.6379935689989604,545.0
19.60484898662597,90482.1132781842,cold,company_3,BPAT,central,0.58,0.09960831673124922,0.05428653261853083,545.0
9.575215682642312,75429.03191432882,cold,company_5,GCPD,central,0.58,0.048649755840369055,0.026514116933001135,545.0
40.97784158826464,472718.3539058822,hot summer,company_5,ERCO,central,0.58,0.20820021754165496,0.11346911856020196,545.0
38.51227920145169,529482.4296015956,hot summer,company_3,SOCO,central,0.58,0.19567318816673573,0.10664188755087098,545.0
39.36980017246609,486637.3231741951,hot summer,company_4,SOCO,central,0.58,0.2000300807162657,0.10901639399036482,545.0
37.88788961193531,311056.545740836,hot summer,company_3,ERCO,central,0.58,0.19250078954032088,0.10491293029947489,545.0
34.90244402832096,222992.24363504283,hot summer,company_3,PJM,central,0.58,0.17733233761909312,0.09664612400240576,545.0
76.91230489197196,332804.9540981276,hot summer,company_3,DUK,central,0.58,0.39077603869513106,0.21297294108884643,545.0
22.481966882409495,256901.74414919087,hot summer,company_5,PJM,central,0.58,0.11422637733614616,0.06225337564819966,545.0
78.49163098817685,421165.66937153705,hot summer,company_5,MISO,central,0.58,0.3988002787247289,0.21734615190497727,545.0
101.4192387468706,929535.4727526573,hot summer,company_3,MISO,central,0.58,0.5152908682251002,0.2808335231826796,545.0
72.24210745324218,190350.7653941989,hot summer,company_3,MISO,central,0.58,0.3670476995484329,0.20004099625389596,545.0
205.5089986785684,1103600.8453909168,hot summer,company_5,MISO,central,0.58,1.0441501204860701,0.5690618156649083,545.0
39.13233612167793,253754.0150665376,hot summer,company_5,MISO,central,0.58,0.19882357336702122,0.10835884748502657,545.0
49.694423713531734,287299.85308883595,hot summer,company_1,MISO,central,0.58,0.25248742800371204,0.13760564826202307,545.0
29.34763643388671,122308.81966767246,hot summer,company_3,SWPP,central,0.58,0.14910947119329157,0.08126466180034392,545.0
22.040176510765612,113933.23264198768,hot summer,company_0,PJM,central,0.58,0.11198172881589791,0.06103004220466436,545.0
24.19002972304958,146578.57662691138,hot summer,company_0,PJM,central,0.58,0.12290470301687029,0.0669830631441943,545.0
22.926198785427378,153910.6214183082,hot summer,company_0,PJM,central,0.58,0.1164834307889994,0.06348346978000469,545.0
6.300476701666312,102136.19599745616,hot summer,company_0,PJM,central,0.58,0.0320114620258262,0.01744624680407528,545.0
4.73515755637911,95351.95020699392,hot summer,company_0,PJM,central,0.58,0.02405838851245098,0.013111821739285786,545.0
16.306104725744838,135178.84715982055,hot summer,company_0,PJM,central,0.58,0.08284805689056438,0.04515219100535759,545.0
14.556360720833029,101856.43099312708,hot summer,company_0,PJM,central,0.58,0.07395795755040845,0.040307086864972606,545.0
23.54045604442903,137224.63170483636,hot summer,company_0,PJM,central,0.58,0.119604349070535,0.06518437024344158,545.0
28.51873548290167,115608.01776334576,hot summer,company_0,PJM,central,0.58,0.1448979912415268,0.07896940522663211,545.0
20.916787720089328,100901.12397224957,hot summer,company_0,PJM,central,0.58,0.10627401504822985,0.057919338201285274,545.0
12.206887912389337,71882.29890686127,hot summer,company_0,PJM,central,0.58,0.06202075610526774,0.03380131207737092,545.0
5.013832172988109,20622.441584954144,hot summer,company_0,PJM,central,0.58,0.025474278504517982,0.013883481784962301,545.0
27.81559007856516,137385.07172736176,hot summer,company_0,PJM,central,0.58,0.14132545007117386,0.07702237028878976,545.0
26.1530307081085,136477.3726463146,hot summer,company_0,PJM,central,0.58,0.13287831842175765,0.07241868353985792,545.0
19.44593754546282,204629.7582334174,hot summer,company_0,PJM,central,0.58,0.09880091948098747,0.05384650111713818,545.0
9.853685889394923,112016.29035353266,hot summer,company_0,PJM,central,0.58,0.050064607266837716,0.02728521096042656,545.0
10.619091674469727,112454.7092606686,hot summer,company_0,PJM,central,0.58,0.05395348097964579,0.02940464713390696,545.0
6.155563289793498,34100.73289466079,hot summer,company_0,PJM,central,0.58,0.0312751859627828,0.017044976349716627,545.0
7.357508642380161,51296.38497934425,hot summer,company_0,PJM,central,0.58,0.03738202991020512,0.02037320630106179,545.0
24.598610414320934,123146.8500198728,hot summer,company_0,PJM,central,0.58,0.1249806197930818,0.06811443778722959,545.0
43.5238714835015,247356.59546542863,hot summer,company_0,PJM,central,0.58,0.2211360862333744,0.12051916699718906,545.0
11.69353729387695,74440.88252859634,hot summer,company_0,PJM,central,0.58,0.05941252428273,0.032379825734087854,545.0
29.10447009937847,118923.4697900035,hot summer,company_0,PJM,central,0.58,0.14787399168092213,0.08059132546610256,545.0
19.090652424606635,124606.35124241638,hot summer,company_0,PJM,central,0.58,0.09699578683894138,0.05286270382722305,545.0
19.000133261792918,122637.50696600492,hot summer,company_0,PJM,central,0.58,0.09653587707651745,0.05261205300670201,545.0
11.595322674555666,146175.5302120179,hot summer,company_0,PJM,central,0.58,0.05891351544488242,0.03210786591746092,545.0
11.91606013454173,139354.9358906302,hot summer,company_0,PJM,central,0.58,0.060543118331579625,0.0329959994907109,545.0
20.506083207043815,145847.63020989613,hot summer,company_3,SCEG,central,0.58,0.1041873075583482,0.05678208261929977,545.0
15.866928602633077,139680.96513595746,hot summer,company_0,PJM,central,0.58,0.08061669084425814,0.04393609651012069,545.0
13.782073853386704,155949.54844370636,hot summer,company_0,PJM,central,0.58,0.07002396083428715,0.0381630586546865,545.0
13.989301204113934,150264.47663978796,hot summer,company_0,PJM,central,0.58,0.07107684155786206,0.03873687864903483,545.0
25.725766741545996,204405.3470899521,hot summer,company_0,PJM,central,0.58,0.13070747566044688,0.07123557423494356,545.0
18.965479094578914,217957.23838749176,hot summer,company_0,PJM,central,0.58,0.09635980618373653,0.052516094370136414,545.0
16.79318701280732,146701.4121414556,hot summer,company_0,PJM,central,0.58,0.08532282457467141,0.046500939393195925,545.0
43.07974627283067,323070.6825612243,hot summer,company_5,ERCO,central,0.58,0.21887957486299803,0.11928936830033393,545.0
10.049671039253015,103070.83350021712,cold,company_0,BPAT,central,0.58,0.05106036861623671,0.02782790089584901,545.0
31.776199843596444,122469.2954892791,cold,company_0,PACW,central,0.58,0.1614485161653448,0.08798944131011292,545.0
25.670896201920335,256997.38485154105,cold,company_0,BPAT,central,0.58,0.13042868942271682,0.07108363573538068,545.0
22.449500201035573,234061.3902002316,cold,company_0,BPAT,central,0.58,0.11406142062142152,0.062163474238674736,545.0
51.3411861868325,248534.3486158893,cold,company_0,PACW,central,0.58,0.2608542987780586,0.14216559283404195,545.0
2.1723232864422806,29536.44598674052,cold,company_5,BPAT,central,0.58,0.011037140153755938,0.0060152413837969865,545.0
241.63004750776386,1072118.9183924838,hot summer,company_3,PJM,central,0.58,1.2276739453774468,0.6690823002307086,545.0
26.100082484003927,160251.55700583392,hot summer,company_0,PJM,central,0.58,0.13260929908472716,0.0722720680011763,545.0
22.788610286563532,172341.5619284399,hot summer,company_0,PJM,central,0.58,0.115784371143972,0.06310248227346474,545.0
26.25117634254888,258737.62788181144,cold,company_0,BPAT,central,0.58,0.13337697676122234,0.07269045233486618,545.0
15.194825199434062,158439.4886155294,hot summer,company_0,PJM,central,0.58,0.07720186787328459,0.04207501799094011,545.0
124.18995623899112,761671.8807953827,hot,company_3,NEVP,central,0.58,0.630984329659066,0.343886459664191,545.0
40.52904234404618,328874.0515204871,hot summer,company_3,ERCO,central,0.58,0.20591995834162982,0.11222637729618826,545.0
15.442215387541806,179516.3867471939,hot summer,company_0,PJM,central,0.58,0.0784588079410224,0.042760050327857214,545.0
49.8760265808319,218592.9064937116,hot summer,company_0,PJM,central,0.58,0.2534101158518907,0.13810851313928044,545.0
41.06430922554422,272114.8559685249,cold,company_0,CISO,central,0.58,0.20863954231314508,0.11370855056066408,545.0
43.32514640612627,229919.4209967804,hot summer,company_0,PJM,central,0.58,0.22012640386024634,0.11996889010383427,545.0
29.4738671752318,151525.9772690042,hot summer,company_0,PJM,central,0.58,0.1497508243439177,0.08161419926743516,545.0
38.71305178602153,466658.4944268557,hot summer,company_4,TVA,central,0.58,0.1966932735144182,0.10719783406535793,545.0
49.164749869630846,443079.2490260955,hot summer,company_4,PJM,central,0.58,0.2497962611376204,0.13613896232000314,545.0
42.19048930052358,237079.48216802903,hot,company_5,AZPS,central,0.58,0.2143614380381002,0.11682698373076462,545.0
41.00709856585511,231435.09880738403,hot,company_5,AZPS,central,0.58,0.20834886639339664,0.11355013218440117,545.0
39.275312001118095,265667.4850296389,hot,company_5,AZPS,central,0.58,0.1995500052152808,0.10875475284232804,545.0
25.862065228447367,153675.29554530594,hot summer,company_0,PJM,central,0.58,0.13139998101269537,0.07161298965191898,545.0
24.32386039376952,149940.20519012536,hot summer,company_0,PJM,central,0.58,0.12358466988866416,0.06735364508932197,545.0
31.723418003428964,161099.5810416752,hot summer,company_0,PJM,central,0.58,0.16118034219182187,0.08784328649454293,545.0
29.19582245716438,144286.0073429096,hot summer,company_0,PJM,central,0.58,0.14833813474036076,0.08084428343349662,545.0
29.762237717788622,137540.38108715444,hot summer,company_0,PJM,central,0.58,0.15121597739654044,0.08241270768111454,545.0
27.687088326628533,161423.43057952242,hot summer,company_5,PJM,central,0.58,0.14067255836993423,0.07666654431161415,545.0
28.043808452106056,256736.3755460582,hot summer,company_5,PJM,central,0.58,0.14248498198346043,0.07765431518098594,545.0
25.5882973398252,75267.9107019397,hot summer,company_5,ERCO,central,0.58,0.13000902112418386,0.07085491651268021,545.0
30.652907037156453,157486.8075092353,hot summer,company_5,ERCO,central,0.58,0.15574129007438448,0.08487900309053954,545.0
30.265693213730273,152038.83488559118,hot summer,company_5,ERCO,central,0.58,0.15377393408032075,0.08380679407377481,545.0
34.88689248979228,228060.7032956869,hot summer,company_5,SOCO,central,0.58,0.17725332336213662,0.09660306123236446,545.0
20.61887352665091,156946.3316064873,hot summer,company_0,PJM,central,0.58,0.10476037261420794,0.05709440307474333,545.0
31.59633458146611,197184.7497642312,hot summer,company_0,PJM,central,0.58,0.160534656741513,0.08749138792412459,545.0
31.722096020936878,167412.89183562773,hot summer,company_0,PJM,central,0.58,0.1611736254631761,0.08783962587743098,545.0
42.59815049216674,215911.176985251,hot summer,company_0,PJM,central,0.58,0.21643268302060073,0.1179558122462274,545.0
28.013018384512964,140282.84137386674,hot summer,company_0,PJM,central,0.58,0.14232854380803345,0.07756905637537824,545.0
28.811295100237217,141468.34096770594,hot summer,company_0,PJM,central,0.58,0.14638442814528524,0.07977951333918046,545.0
66.22312735594753,236772.79412428572,cold,company_5,DOPD,central,0.58,0.3364664654700981,0.18337422368120349,545.0
38.15259434313257,208486.8205643384,cold,company_0,PACW,central,0.58,0.19384570133858794,0.10564590722953043,545.0
18.38856270571327,155376.04261657243,hot summer,company_0,PJM,central,0.58,0.09342860939518798,0.05091859212037745,545.0
22.10657387397286,191690.4988358896,hot summer,company_0,PJM,central,0.58,0.1123190805388813,0.06121389889369031,545.0
18.236701481717866,152028.42619334877,hot summer,company_0,PJM,central,0.58,0.09265703288831213,0.05049808292413012,545.0
20.145229527258074,149623.21417913146,hot summer,company_0,PJM,central,0.58,0.10235388218209282,0.05578286578924059,545.0
20.232719487669677,148207.88964850194,hot summer,company_0,PJM,central,0.58,0.10279840117295208,0.05602512863925889,545.0
24.92203323979427,201425.2033654612,hot summer,company_0,PJM,central,0.58,0.12662386648474672,0.06901000723418696,545.0
15.98236511220088,143357.99500190778,hot summer,company_0,PJM,central,0.58,0.08120320066207022,0.04425574436082828,545.0
16.380889281700394,153190.35379001344,hot summer,company_0,PJM,central,0.58,0.08322802226246336,0.045359272133042534,545.0
42.287618399966014,256261.4648453048,cold,company_5,WACM,central,0.58,0.2148549315665473,0.11709593770376829,545.0
45.58378652999005,285336.67132802174,cold,company_0,PJM,central,0.58,0.23160210260157346,0.12622314591785755,545.0
19.192158755707446,200993.32305429227,hot summer,company_0,PJM,central,0.58,0.09751152020599839,0.053143778512269126,545.0
18.83733296850549,207513.8712337179,hot summer,company_0,PJM,central,0.58,0.0957087213463827,0.052161253133778576,545.0
36.69715887964579,237381.20160947824,hot summer,company_5,ERCO,central,0.58,0.18645092483570433,0.10161575403545886,545.0
67.39167574419447,297878.72278950905,hot summer,company_3,SWPP,central,0.58,0.34240362612110326,0.18660997623600128,545.0
59.363776227248124,199174.97528285772,cold,company_0,BPAT,central,0.58,0.30161547425540225,0.16438043346919423,545.0
18.758066407929423,213934.2261533689,cold,company_0,BPAT,central,0.58,0.0953059838054078,0.051941761173947255,545.0
62.291623827705,197176.5936454392,cold,company_0,BPAT,central,0.58,0.3164912823438036,0.17248774887737298,545.0
38.04814505013872,136463.3842450161,hot summer,company_0,PJM,central,0.58,0.19331501537074483,0.10535668337705593,545.0
47.932294659569585,197316.5197256224,hot summer,company_0,PJM,central,0.58,0.2435344027063411,0.13272624947495593,545.0
41.161689038985564,215312.422710154,hot summer,company_0,PJM,central,0.58,0.20913430966927785,0.11397819876975643,545.0
42.57220717752862,214770.27928237416,hot summer,company_0,PJM,central,0.58,0.2163008702275874,0.11788397427403514,545.0
17.697749903756176,104644.34489442784,hot summer,company_0,ERCO,central,0.58,0.08991872771100437,0.04900570660249739,545.0
13.9559808496563,158917.1619325858,hot summer,company_0,PJM,central,0.58,0.07090754750093373,0.03864461338800888,545.0
15.180842926792526,141206.295520529,hot summer,company_0,PJM,central,0.58,0.07713082674244745,0.04203630057463387,545.0
71.62700016890594,289041.84291961393,hot summer,company_3,PJM,central,0.58,0.3639224624581773,0.19833774203970664,545.0
77.43613512009453,268682.4683433969,hot summer,company_3,PJM,central,0.58,0.3934375153181762,0.21442344584840606,545.0
57.73392425087883,241852.048652473,cold,company_0,PACW,central,0.58,0.2933345223338651,0.15986731467195647,545.0
28.25580290957131,263623.29252781085,cold,company_0,PACW,central,0.58,0.1435620834229499,0.0782413354655077,545.0
29.072974851187197,193908.8940722987,hot summer,company_0,PJM,central,0.58,0.14771397062391192,0.080504113990032,545.0
29.770710899488797,198729.9524147444,hot summer,company_0,PJM,central,0.58,0.15125902793812268,0.08243617022627686,545.0
18.89323531700663,154952.9189071703,hot summer,company_0,PJM,central,0.58,0.09599274999864728,0.052316048749262774,545.0
28.395785093489167,142941.45082002482,hot summer,company_0,PJM,central,0.58,0.14427330490299975,0.07862895117213486,545.0
18.361248433824088,155646.78721554903,hot summer,company_0,PJM,central,0.58,0.09328983104257342,0.050842957918202515,545.0
21.490353695816196,191180.60094340728,hot summer,company_0,PJM,central,0.58,0.10918818905770293,0.0595075630364481,545.0
55.651998281102216,210430.49282363165,cold,company_0,BPAT,central,0.58,0.2827566728666241,0.15410238671231014,545.0
61.07457848892816,214415.686206579,cold,company_0,BPAT,central,0.58,0.3103077183865462,0.16911770652066768,545.0
56.193744195985545,180542.0616486889,cold,company_0,BPAT,central,0.58,0.28550917551096333,0.15560250065347503,545.0
62.88155044183976,196831.8236314276,cold,company_0,BPAT,central,0.58,0.3194885814848994,0.17412127690927018,545.0
37.84876933386296,221203.5253671908,cold,company_0,PACW,central,0.58,0.19230202723149095,0.10480460484116258,545.0
47.10040183361535,212817.26210003783,cold,company_0,PACW,central,0.58,0.23930772163623287,0.13042270829174693,545.0
16.558720720312053,147690.80758194198,cold,company_0,BPAT,central,0.58,0.08413154823576147,0.04585169378849,545.0
56.29665167664737,199778.95257682705,cold,company_0,BPAT,central,0.58,0.28603202783870996,0.15588745517209693,545.0
14.297232680188623,120519.5387248374,cold,company_0,BPAT,central,0.58,0.07264137980150234,0.03958955199181878,545.0
18.46925869725228,108746.8887500514,hot summer,company_0,ERCO,central,0.58,0.09383860958899938,0.051142042226004665,545.0
14.614574567169102,112201.94559603398,hot summer,company_5,ERCO,central,0.58,0.07425373046087277,0.040468283101175666,545.0
15.304666598062047,156971.76153558443,hot summer,company_0,PJM,central,0.58,0.07775995005143366,0.04237917277803135,545.0
51.168909653356664,406752.053241504,hot summer,company_3,PJM,central,0.58,0.25997899616677456,0.14168855291089213,545.0
34.04008574044622,237677.3878623116,hot,company_5,AZPS,central,0.58,0.17295086763005915,0.09425822285838224,545.0
44.10757777300005,239026.82375511195,hot,company_5,AZPS,central,0.58,0.22410178114905863,0.12213547072623696,545.0
66.0796114885571,244593.0226522548,hot summer,company_5,PJM,central,0.58,0.3357372900510609,0.1829768230778282,545.0
52.16866704866498,210062.85706649648,cold,company_0,BPAT,central,0.58,0.265058563540857,0.14445691712976708,545.0
20.834170414374704,115516.19156316044,cold,company_0,BPAT,central,0.58,0.10585425304135498,0.05769056790753847,545.0
47.972272115196525,213042.63599741232,cold,company_0,BPAT,central,0.58,0.2437375201628905,0.13283694848877534,545.0
52.41455947319542,231791.70838577708,cold,company_0,BPAT,central,0.58,0.2663078937714113,0.14513780210541916,545.0
23.474582150111786,222277.4780915476,cold,company_0,BPAT,central,0.58,0.11926965698828794,0.06500196305861693,545.0
20.311443990640793,208544.1505590209,cold,company_0,BPAT,central,0.58,0.10319838462764774,0.05624311962206802,545.0
22.20081272814544,221552.68548661325,cold,company_0,BPAT,central,0.58,0.11279788930916135,0.06147484967349294,545.0
49.41192392736841,239719.93256208883,hot summer,company_5,PJM,central,0.58,0.2510521030901734,0.13682339618414452,545.0
47.25247519186003,233504.3810426879,cold,company_3,BPAT,central,0.58,0.24008037595480242,0.13084380489536732,545.0
44.17014814496623,204163.07215763791,cold,company_0,PACW,central,0.58,0.2244196886949444,0.12230873033874472,545.0
8.966012976629921,125095.1615865374,cold,company_2,PGE,central,0.58,0.0455545187316613,0.024827212708755413,545.0
22.32351729224688,207291.5327433642,hot summer,company_0,PJM,central,0.58,0.11342132665844794,0.06181462302885413,545.0
21.202289243401985,168154.71438519226,hot summer,company_0,PJM,central,0.58,0.10772459118787679,0.05870990219739285,545.0
53.21015231933875,233021.70110695928,hot summer,company_0,PJM,central,0.58,0.2703501419040963,0.1473408273377325,545.0
50.23551677575477,218514.4692679648,hot summer,company_0,PJM,central,0.58,0.25523661363425476,0.13910395443066886,545.0
51.29014194445442,212644.6693153047,hot summer,company_0,PJM,central,0.58,0.260594953191384,0.14202424948930428,545.0
51.12760332104172,223916.10999772247,hot summer,company_0,PJM,central,0.58,0.2597691269535487,0.14157417418968404,545.0
52.51566806387082,426932.7525838108,hot summer,company_4,DUK,central,0.58,0.2668216062989148,0.1454177754329086,545.0
35.32389887887919,232709.5674182485,hot summer,company_5,ERCO,central,0.58,0.1794736654238094,0.09781314765597614,545.0
37.86650660557071,238864.9497297001,hot summer,company_5,ERCO,central,0.58,0.19239214676158367,0.10485371998506311,545.0
34.83381804134069,212996.25817353185,hot summer,company_5,ERCO,central,0.58,0.1769836627044438,0.09645609617392188,545.0
28.644412641897645,161691.57310691418,hot summer,company_0,PJM,central,0.58,0.14553653175095355,0.07931740980426968,545.0
22.883320433439746,155533.56665221168,hot summer,company_0,PJM,central,0.58,0.11626557445822065,0.06336473807973025,545.0
21.23818784902706,149769.1895004221,hot summer,company_0,PJM,central,0.58,0.10790698482333667,0.058809306728718494,545.0
23.864838428479274,157784.0411255813,hot summer,company_0,PJM,central,0.58,0.12125247108741749,0.06608259674264254,545.0
61.97577711538621,278383.6607225549,hot summer,company_0,PJM,central,0.58,0.31488652836785425,0.17161315796048057,545.0
59.839761415650045,252273.3281882312,hot summer,company_0,PJM,central,0.58,0.30403385980063474,0.16569845359134594,545.0
62.67633378255958,253102.7573287542,cold,company_0,PACW,central,0.58,0.3184459166824287,0.17355302459192368,545.0
61.947834525417285,244257.9887557469,cold,company_0,PACW,central,0.58,0.31474455765674014,0.1715357839229234,545.0
42.2068841186953,239376.9453816901,hot summer,company_5,PJM,central,0.58,0.21444473683026707,0.11687238157249556,545.0
40.56758254845378,260379.19770680307,hot summer,company_5,PJM,central,0.58,0.20611577341218396,0.11233309650964027,545.0
39.15260714550758,239298.9521761392,hot summer,company_5,PJM,central,0.58,0.19892656638489492,0.10841497867976774,545.0
41.41539578886527,250894.5779652424,hot summer,company_5,PJM,central,0.58,0.21042334292406664,0.11468072189361633,545.0
44.175041363719956,244029.28191543603,hot summer,company_5,PJM,central,0.58,0.22444455016078835,0.12232227983762965,545.0
42.814602659021986,255987.24782182992,hot summer,company_5,PJM,central,0.58,0.21753243318995888,0.1185551760885276,545.0
39.72259417200507,254170.77631608688,hot summer,company_5,PJM,central,0.58,0.2018225564691233,0.10999329327567221,545.0
42.727946978067415,262969.24930322374,hot summer,company_5,PJM,central,0.58,0.2170921530061649,0.11831522338835988,545.0
43.17726407816759,243624.7950143157,hot summer,company_5,PJM,central,0.58,0.21937504332835386,0.11955939861395286,545.0
16.388436932781577,94704.60031059182,hot summer,company_5,PJM,central,0.58,0.08326637036807663,0.045380171850601767,545.0
45.73579118851751,233010.1444816668,hot summer,company_5,PJM,central,0.58,0.23237440787061972,0.12664405228948775,545.0
45.51903138204029,239557.40756406763,hot summer,company_5,PJM,central,0.58,0.2312730946458703,0.1260438365819993,545.0
47.54793294266111,208867.3300537097,hot summer,company_0,PJM,central,0.58,0.2415815376950726,0.13166193804381457,545.0
51.332088009567876,212759.13332061487,hot summer,company_0,PJM,central,0.58,0.2608080727590124,0.14214039965366176,545.0
36.29076124629822,196686.75215732591,hot summer,company_0,PJM,central,0.58,0.18438609974019193,0.1004904243584046,545.0
37.21258680709944,215159.3761545133,hot summer,company_0,PJM,central,0.58,0.18906971104951084,0.10304299252198341,545.0
53.087086565019874,294173.9115050382,hot summer,company_0,PJM,central,0.58,0.269724869419553,0.14700005383365639,545.0
46.95614007685286,281195.0657919065,hot summer,company_0,PJM,central,0.58,0.238574756502474,0.13002324229384835,545.0
28.839123586015816,164075.9685941855,hot summer,company_0,PJM,central,0.58,0.14652581911582913,0.07985657141812688,545.0
37.24458339185462,211488.31880986068,hot summer,company_5,PJM,central,0.58,0.18923227929733494,0.10313159221704755,545.0
16.552140127254344,121909.7444284758,hot summer,company_5,PJM,central,0.58,0.08409811355855386,0.04583347188941186,545.0
16.553158194864697,118438.3183821222,hot summer,company_5,PJM,central,0.58,0.08410328615646855,0.04583629095527536,545.0
19.246264682484547,139724.2880246797,hot summer,company_5,PJM,central,0.58,0.09778642159876746,0.05329359977132827,545.0
16.598216589086466,134253.37676630137,hot summer,company_5,PJM,central,0.58,0.08433221884583052,0.045961059270977635,545.0
17.05384101121981,129638.69963908204,hot summer,company_5,PJM,central,0.58,0.0866471554098056,0.047222699698344056,545.0
16.90734095822283,131819.79607107883,hot summer,company_5,PJM,central,0.58,0.08590281794053854,0.04681703577759351,545.0
41.65792733631986,169870.59857431462,hot summer,company_5,PJM,central,0.58,0.21165559721037394,0.11535230047965381,545.0
39.707982550083265,202011.76781655147,hot summer,company_5,PJM,central,0.58,0.20174831774046303,0.10995283316855237,545.0
15.703099990470296,95613.80061438231,hot summer,company_5,PJM,central,0.58,0.07978431043158148,0.04348244918521191,545.0
48.48125244618023,442406.6854813076,hot summer,company_5,ERCO,central,0.58,0.24632354742855248,0.13424633334856112,545.0
19.93311647618114,155443.2496792402,hot summer,company_0,PJM,central,0.58,0.10127617819218114,0.055195517114738725,545.0
19.68243440421553,153607.56923802535,hot summer,company_0,PJM,central,0.58,0.10000251272093827,0.05450136943291136,545.0
18.229094571546156,151679.13018209348,hot summer,company_0,PJM,central,0.58,0.09261838369911171,0.05047701911601589,545.0
56.266331756613155,201700.01821782425,hot summer,company_0,PJM,central,0.58,0.2858779783890001,0.15580349822200507,545.0
45.72162595631469,214950.417749928,hot summer,company_0,PJM,central,0.58,0.2323024371588437,0.12660482825156982,545.0
41.72826486042865,308536.545400298,hot summer,company_3,ERCO,central,0.58,0.21201296810286588,0.11554706761606191,545.0
37.09077692776829,308014.4112660164,hot summer,company_3,ERCO,central,0.58,0.1884508194146051,0.10270569658095978,545.0
29.543972369254142,496643.2924127061,cold,company_4,PNM,central,0.58,0.15010701481370642,0.08180832307347001,545.0
31.905428097204698,506708.3924127892,cold,company_4,PNM,central,0.58,0.1621050990762776,0.0883472789965713,545.0
20.236804119388392,147330.562642996,cold,company_4,PNM,central,0.58,0.10281915436978853,0.056036439131534756,545.0
28.627439314668848,516729.5400774091,cold,company_4,PNM,central,0.58,0.14545029366996948,0.07927041005013337,545.0
29.175775629590397,461281.67298264,cold,company_4,PNM,central,0.58,0.14823628081882287,0.08078877304625846,545.0
31.28611905196605,485166.4049248318,cold,company_4,PNM,central,0.58,0.1589585136792291,0.08663238995517987,545.0
29.152986966532872,475995.9196274147,cold,company_4,PNM,central,0.58,0.1481204961795602,0.08072567041786032,545.0
42.819611536473985,522091.59524691984,hot summer,company_4,SOCO,central,0.58,0.217557882294517,0.11856904585051177,545.0
42.45766366090886,496049.8025355253,hot summer,company_4,SOCO,central,0.58,0.2157188975283457,0.11756679915294842,545.0
40.98101323220419,489327.9732513145,hot summer,company_4,SOCO,central,0.58,0.20821633203018303,0.11347790095644976,545.0
46.90213568260354,474697.3906184958,hot summer,company_4,SOCO,central,0.58,0.23830037097617207,0.1298737021820138,545.0
78.04252951125758,261418.2924259128,hot summer,company_3,SWPP,central,0.58,0.39651848394079753,0.21610257374773467,545.0
90.64707734380622,884984.7498183814,hot summer,company_4,SWPP,central,0.58,0.4605596705684106,0.2510050204597838,545.0
91.62013022639452,742712.7647859709,hot summer,company_4,SWPP,central,0.58,0.46550355765426527,0.2536994389215746,545.0
48.761236256539,486461.0166067326,hot,company_4,SRP,central,0.58,0.24774608917222332,0.13502161859886172,545.0
52.57933606479592,402155.80640063225,hot summer,company_4,PJM,central,0.58,0.26714509067801506,0.14559407441951822,545.0
38.74527220250343,240886.637433696,hot,company_5,AZPS,central,0.58,0.19685697900647942,0.10728705355853128,545.0
60.16874512020315,516806.163378152,hot summer,company_4,PJM,central,0.58,0.30570536020672817,0.16660942131266687,545.0
51.703252077866644,470808.74626997806,hot summer,company_4,PJM,central,0.58,0.2626938831572248,0.14316816632068752,545.0
52.61292708555508,397682.4265079607,hot summer,company_4,PJM,central,0.58,0.26731575993628826,0.14568708916527712,545.0
2.8442031217982797,29473.35134838377,hot summer,company_0,ERCO,central,0.58,0.0144508272212327,0.007875700835571823,545.0
37.68572844084413,512909.1871865606,hot summer,company_4,PJM,central,0.58,0.19147364906224085,0.10435313873892127,545.0
37.41659022334406,389320.05053381465,hot summer,company_4,PJM,central,0.58,0.19010621160676647,0.10360788532568774,545.0
37.0747464643225,448778.3655033492,hot summer,company_4,PJM,central,0.58,0.18836937183592975,0.10266130765058172,545.0
41.709951409204876,494226.6367447831,hot summer,company_4,PJM,central,0.58,0.2119199211198881,0.11549635701033903,545.0
51.45108839582413,217310.1668305409,cold,company_0,PACW,central,0.58,0.26141268992150324,0.14246991600721928,545.0
47.25061407956088,229414.0389969261,cold,company_0,PACW,central,0.58,0.24007092001543293,0.13083865140841094,545.0
52.74431407656852,221828.93281025148,cold,company_0,PACW,central,0.58,0.2679833109602293,0.146050904473325,545.0
66.9371252641102,246638.8913680646,hot summer,company_0,PJM,central,0.58,0.34009414604189103,0.18535130959283064,545.0
63.639943105938,236168.4261407291,hot summer,company_0,PJM,central,0.58,0.3233418229326498,0.17622129349829416,545.0
37.2790740206919,406320.4764584975,hot summer,company_0,PJM,central,0.58,0.1894075192843314,0.10322709800996062,545.0
29.52536038657053,150444.13825510867,hot summer,company_0,PJM,central,0.58,0.15001245105208755,0.08175678582338772,545.0
32.17466423471961,150104.4696893471,hot summer,company_0,PJM,central,0.58,0.16347303404376334,0.08909280355385103,545.0
31.13314715777129,159806.99930311998,hot summer,company_0,PJM,central,0.58,0.15818129407920437,0.08620880527316639,545.0
24.743528429176692,161584.67808614284,hot summer,company_0,PJM,central,0.58,0.1257169192429609,0.06851572098741371,545.0
31.429899273069815,148917.29691057044,hot summer,company_0,PJM,central,0.58,0.15968903222661307,0.08703052256350413,545.0
48.09267659178514,257398.97840883688,hot summer,company_0,PJM,central,0.58,0.24434927122754194,0.13317035281901035,545.0
50.279835487862215,257754.1190285648,hot summer,company_0,PJM,central,0.58,0.2554617881467303,0.13922667453996804,545.0
42.257084456239085,264566.019169638,hot summer,company_0,PJM,central,0.58,0.21469979470525952,0.11701138811436644,545.0
19.138775474739173,147869.9717393834,hot summer,company_0,PJM,central,0.58,0.09724029043205479,0.052995958285469866,545.0
19.91723150797834,133081.36409952756,hot summer,company_0,PJM,central,0.58,0.10119546984573632,0.0551515310659263,545.0
30.26153448334786,271436.80807384057,hot summer,company_0,PJM,central,0.58,0.1537528044029938,0.08379527839963162,545.0
32.727628634399665,266557.8075648185,hot summer,company_0,PJM,central,0.58,0.1662825355656578,0.09062398188328351,545.0
14.983626269222608,335462.29062189,hot summer,company_2,ERCO,central,0.58,0.07612880834866623,0.041490200550023094,545.0
18.34717312432093,209923.2653184445,hot summer,company_2,PJM,central,0.58,0.09321831721004978,0.050803982879477134,545.0
36.54690505791845,356446.4657974896,cold,company_1,PACW,central,0.58,0.18568751521827204,0.10119969579395827,545.0
25.950765073542865,286822.150098718,cold,company_1,PACW,central,0.58,0.13185064718565656,0.07185860271618283,545.0
37.447525745690044,216015.6476994818,hot summer,company_5,MISO,central,0.58,0.19026338880870197,0.10369354690074259,545.0
42.690273360549725,236870.6144913318,hot summer,company_5,MISO,central,0.58,0.21690074089028102,0.11821090378520317,545.0
40.36458486960637,245356.9891750526,hot summer,company_5,MISO,central,0.58,0.205084382805496,0.11177098862899533,545.0
38.36404632598187,227757.98173970668,hot summer,company_5,MISO,central,0.58,0.19492004657304862,0.1062314253823115,545.0
41.27609657413368,235160.34620735075,hot summer,company_5,MISO,central,0.58,0.2097155914738584,0.11429499735325284,545.0
16.29819416659362,103891.83284993794,hot summer,company_5,PJM,central,0.58,0.08280786492162888,0.04513028638228774,545.0
48.916483751462934,241812.3772248852,hot summer,company_0,PJM,central,0.58,0.24853487064443283,0.1354515045012159,545.0
50.60593416787175,230292.4623246221,hot summer,company_0,PJM,central,0.58,0.2571186303201228,0.14012965352446694,545.0
49.45836160402558,233987.10604493573,hot summer,company_0,PJM,central,0.58,0.25128804363773316,0.1369519837825646,545.0
50.71616204025149,227938.3927044756,hot summer,company_0,PJM,central,0.58,0.25767867609410977,0.14043487847128983,545.0
52.09948858762229,207580.43051661048,hot summer,company_0,PJM,central,0.58,0.2647070816159913,0.14426535948071528,545.0
54.42906418899882,214230.2770709225,hot summer,company_0,PJM,central,0.58,0.27654318933146516,0.15071603818564852,545.0
14.192634332282768,108605.97879924472,hot summer,company_5,ERCO,central,0.58,0.07210993651546228,0.03929991540092695,545.0
33.48501869076763,131445.10533775637,hot summer,company_0,PJM,central,0.58,0.17013068296405218,0.09272122221540845,545.0
45.50774605634822,274977.48195959657,hot summer,company_0,PJM,central,0.58,0.23121575616309398,0.12601258710888621,545.0
50.04720288605175,262321.5361442119,hot summer,company_0,PJM,central,0.58,0.2542798284234517,0.1385825064907812,545.0
51.91336819199818,260536.02888729447,hot summer,company_0,PJM,central,0.58,0.2637614411099043,0.14374998540489786,545.0
30.683069069784057,269242.4795866454,hot summer,company_0,PJM,central,0.58,0.15589453732975883,0.08496252284471857,545.0
48.85979384841136,220247.0708678047,cold,company_0,BPAT,central,0.58,0.2482468405850084,0.13529452811882958,545.0
39.92411916034033,211119.6137174449,cold,company_0,PACW,central,0.58,0.20284646462985717,0.11055132322327217,545.0
49.1868283669665,222172.9629353246,cold,company_0,BPAT,central,0.58,0.24990843756688338,0.13620009847395145,545.0
48.94384733376613,198648.83506020103,cold,company_0,BPAT,central,0.58,0.24867389953339894,0.13552727524570243,545.0
2.102887884354922,37108.68409249967,hot summer,company_0,PJM,central,0.58,0.010684352762830487,0.005822972255742616,545.0
30.79808503864292,267710.31635358895,hot summer,company_0,PJM,central,0.58,0.15647891046433693,0.08528100620306363,545.0
34.077931576030856,255975.89628891813,hot summer,company_0,PJM,central,0.58,0.17314315475149755,0.09436301933956617,545.0
33.72689045011075,213944.74573891165,hot summer,company_0,PJM,central,0.58,0.17135958499892268,0.09339097382441286,545.0
12.289147944704261,234942.29577431572,hot summer,company_0,PJM,central,0.58,0.06243870287745341,0.03402909306821211,545.0
78.71933607795813,303398.3917785001,hot summer,company_3,PJM,central,0.58,0.39995720274488966,0.2179766754959649,545.0
72.8245494661811,287318.91902157664,hot summer,company_3,SWPP,central,0.58,0.3700069709277729,0.20165379915563625,545.0
62.841506657169965,277551.1969576037,hot summer,company_3,SWPP,central,0.58,0.31928512702374917,0.17401039422794332,545.0
63.72266416250084,299948.3814681757,hot summer,company_3,SWPP,central,0.58,0.32376211207683425,0.17645035108187468,545.0
104.62845322501808,906895.8465444904,hot summer,company_3,MISO,central,0.58,0.5315962451456717,0.2897199536043911,545.0
103.93794980250857,892393.8577745492,hot summer,company_3,MISO,central,0.58,0.5280879353565855,0.28780792476933914,545.0
25.18861258291736,110660.22495885658,hot summer,company_3,MISO,central,0.58,0.12797830281128653,0.06974817503215117,545.0
65.94349974886065,293635.6418066753,hot summer,company_3,MISO,central,0.58,0.3350457335240112,0.18259992477058612,545.0
69.74702270222673,266753.88172692794,hot summer,company_3,MISO,central,0.58,0.35437067294547353,0.19313201675528308,545.0
58.725939983213394,265887.0944922129,cold,company_5,DOPD,central,0.58,0.2983747558667106,0.16261424194735727,545.0
31.08565952994622,215016.8471053953,cold,company_5,GCPD,central,0.58,0.15794001893975076,0.08607731032216417,545.0
29.952060246227468,249509.24823533543,cold,company_5,GCPD,central,0.58,0.15218042769903253,0.08293833309597273,545.0
27.43457534672585,101055.0873360131,cold,company_5,GCPD,central,0.58,0.13938959042164467,0.07596732677979635,545.0
5.320049036222526,39806.57377625922,cold,company_5,GCPD,central,0.58,0.02703010514323941,0.01473140730306548,545.0
5.251121283171997,43773.93205467986,cold,company_5,GCPD,central,0.58,0.02667989701554028,0.014540543873469453,545.0
13.120297524378106,30598.70417152811,cold,company_5,GCPD,central,0.58,0.06666160766186029,0.036330576175713857,545.0
10.744337720561779,69868.27854151303,cold,company_5,GCPD,central,0.58,0.054589831090630286,0.02975145794439351,545.0
10.096577914359422,73861.55658705783,cold,company_5,GCPD,central,0.58,0.05129869306727734,0.027957787721666155,545.0
10.429894087606721,70399.79677031713,cold,company_5,GCPD,central,0.58,0.052992205880312226,0.028880752204770165,545.0
9.9295183886641,70526.05616511658,cold,company_5,GCPD,central,0.58,0.05044989702912456,0.027495193880872886,545.0
10.249462551702242,68727.35725725151,cold,company_5,GCPD,central,0.58,0.05207546933268875,0.02838113078631537,545.0
10.020354642836509,69800.69031697627,cold,company_5,GCPD,central,0.58,0.05091141786932373,0.027746722738781437,545.0
10.134900687805274,71077.3061911222,cold,company_5,GCPD,central,0.58,0.051493403414601034,0.028063904860957566,545.0
24.926695090089858,100594.07384038856,cold,company_5,GCPD,central,0.58,0.12664755241372855,0.06902291606548207,545.0
23.216058208436415,102584.98017841858,cold,company_5,GCPD,central,0.58,0.11795614854542373,0.06428610095725594,545.0
40.108230353842856,155574.48070517034,cold,company_5,GCPD,central,0.58,0.20378189678180478,0.11106113374608362,545.0
34.48314664654368,151281.49078595958,cold,company_5,GCPD,central,0.58,0.1752019714817591,0.09548507445755872,545.0
45.473621967594035,188252.15830464955,cold,company_5,GCPD,central,0.58,0.23104237849295178,0.12591809627865874,545.0
32.01006053113976,468431.3540337302,hot summer,company_4,MISO,central,0.58,0.16263671554661488,0.08863700997290512,545.0
31.45566186678636,504620.0262929694,hot summer,company_4,MISO,central,0.58,0.15981992681276813,0.08710186011295863,545.0
31.2021866078873,463153.7196086372,hot summer,company_4,MISO,central,0.58,0.15853206971735379,0.08639997799595782,545.0
31.208579648565877,457476.347535425,hot summer,company_4,MISO,central,0.58,0.1585645514784335,0.08641768055574627,545.0
30.23942895979419,474602.3634947955,hot summer,company_4,MISO,central,0.58,0.1536404906589223,0.08373406740911266,545.0
28.900502863210026,447008.23972604674,hot summer,company_4,MISO,central,0.58,0.1468376749473975,0.08002653284633164,545.0
40.4968555060673,612247.5826714342,hot summer,company_4,MISO,central,0.58,0.2057564234552267,0.11213725078309857,545.0
29.23348057612306,429989.2853004107,hot summer,company_4,MISO,central,0.58,0.14852946811116602,0.08094856012058549,545.0
31.733213628043433,494185.1574771527,hot summer,company_4,MISO,central,0.58,0.16123011180136307,0.08787041093174287,545.0
30.035474279289218,341892.37795629783,cold,company_4,PACW,central,0.58,0.15260423771821266,0.0831693095564259,545.0
38.67875218506512,493943.2850712439,cold,company_4,PACW,central,0.58,0.19651900410187884,0.10710285723552397,545.0
39.69564416809256,472110.54713877407,cold,company_4,PACW,central,0.58,0.20168562888924463,0.10991866774463833,545.0
41.17690691612476,487473.175000408,cold,company_4,PACW,central,0.58,0.20921162865944665,0.11402033761939843,545.0
39.206799213432824,472823.326462908,cold,company_4,PACW,central,0.58,0.1992019054436095,0.10856503846676718,545.0
38.68536213912151,408580.329795038,cold,company_4,PACW,central,0.58,0.19655258795644856,0.10712116043626448,545.0
40.83550791388908,421209.5182484467,cold,company_4,PACW,central,0.58,0.20747704860888766,0.11307499149184379,545.0
40.83808863444711,435941.5820018472,cold,company_4,PACW,central,0.58,0.20749016073389884,0.11308213759997487,545.0
39.32133844550534,450587.0486297438,cold,company_4,PACW,central,0.58,0.19978385637392354,0.10888220172378833,545.0
29.54532423451927,379576.6918786788,hot summer,company_4,DUK,central,0.58,0.1501138833707455,0.0818120664370563,545.0
40.81203323780653,467400.7125310285,hot summer,company_4,TVA,central,0.58,0.2073577784746474,0.11300998926868284,545.0
37.42287117835572,504669.1691119269,hot summer,company_4,TVA,central,0.58,0.19013812388298973,0.10362527751622941,545.0
18.752405435056158,165503.70678176143,hot summer,company_4,TVA,central,0.58,0.09527722153443331,0.051926085736266156,545.0
48.61837392622855,470170.6932774453,hot summer,company_4,PJM,central,0.58,0.24702023424438202,0.1346260276631882,545.0
49.891722230706954,488075.1462077341,hot summer,company_4,PJM,central,0.58,0.2534898623097759,0.13815197495882786,545.0
51.213880774793495,476919.1688472274,hot summer,company_4,PJM,central,0.58,0.26020748544057076,0.14181307956511108,545.0
54.15003388395819,466207.88485959166,hot summer,company_4,PJM,central,0.58,0.2751254921576147,0.14994339322590003,545.0
52.59251413231676,447066.9785550327,cold,company_4,PACE,central,0.58,0.26721204580347496,0.14563056496289387,545.0
50.02664402904593,563184.9180592597,cold,company_4,PACE,central,0.58,0.25417537298277654,0.1385255782756132,545.0
50.3819791600447,476265.0277792015,cold,company_4,PACE,central,0.58,0.2559807597163551,0.13950951404541354,545.0
47.90205425335134,531860.9785236786,cold,company_4,PACE,central,0.58,0.24338075725042746,0.13264251270148297,545.0
201.53299061626817,1434532.2530616622,hot summer,company_3,SWPP,central,0.58,1.0239488187231354,0.5580521062041088,545.0
79.52332277558688,534898.1572779141,hot summer,company_3,SWPP,central,0.58,0.4040420983582018,0.22020294360522,545.0
102.48732431156569,689099.1199134763,hot summer,company_3,SWPP,central,0.58,0.5207175973622029,0.2837910905624006,545.0
67.68169603310939,434706.5074675889,hot summer,company_3,SWPP,central,0.58,0.34387716120502215,0.1874130528567371,545.0
20.695783535285493,135970.5352163356,hot summer,company_3,SWPP,central,0.58,0.10515113698607852,0.057307369657412795,545.0
21.71788965871948,135823.5662488562,hot summer,company_3,SWPP,central,0.58,0.11034425377802191,0.06013761830902195,545.0
50.15569013495031,310201.162401196,hot summer,company_3,SWPP,central,0.58,0.25483103043765554,0.13888291158852228,545.0
51.44284313060528,398078.802005507,cold,company_1,NEVP,central,0.58,0.2613707973779793,0.14244708457099872,545.0
52.170124066713754,422985.4665257135,cold,company_1,NEVP,central,0.58,0.2650659663581592,0.1444609516651968,545.0
9.883650495110212,20290.60998898013,hot summer,company_1,DUK,central,0.58,0.05021685143555596,0.027368184032378,545.0
50.99497685155956,239580.13811403647,hot summer,company_1,DUK,central,0.58,0.25909527838740376,0.14120692672113505,545.0
50.46168015377903,261249.60762762613,hot summer,company_1,DUK,central,0.58,0.25638570452532045,0.13973020896629965,545.0
17.229914253740798,123987.41083015827,cold,company_1,CISO,central,0.58,0.08754174834040623,0.0477102528455214,545.0
19.392314822122138,102518.50822258556,cold,company_3,BPAT,central,0.58,0.09852847314823816,0.0536980178657898,545.0
50.49173077697194,169803.5658707349,cold,company_3,BPAT,central,0.58,0.256538385731639,0.13981342022374327,545.0
20.674251748116937,145781.49918079298,hot summer,company_3,SCEG,central,0.58,0.10504173828183253,0.05724774736359873,545.0
32.45338912594997,247588.89286866624,hot summer,company_3,SCEG,central,0.58,0.1648891794711266,0.089864602811764,545.0
31.709235850154826,377505.98009328113,hot summer,company_3,SCEG,central,0.58,0.16110828550746661,0.08780401560156931,545.0
22.34366812998373,206218.09962217195,hot summer,company_3,SCEG,central,0.58,0.11352370903482133,0.061870421423977626,545.0
38.7960514601768,165867.9775209859,hot summer,company_3,SCEG,central,0.58,0.19711497825886629,0.10742766315108214,545.0
42.103585460369445,173455.7654175762,hot summer,company_3,SCEG,central,0.58,0.21391989700704508,0.11658634386883958,545.0
50.89222467190779,172834.21193892433,hot summer,company_3,SCEG,central,0.58,0.2585732151130291,0.14092240223660088,545.0
44.76120697876904,169367.3158526496,hot summer,company_3,SCEG,central,0.58,0.22742274041772975,0.12394539352766272,545.0
48.39180722500043,463965.1221948903,hot,company_4,SRP,central,0.58,0.24586909414878216,0.1339986563110863,545.0
48.312572838866274,524620.2260242646,hot,company_4,SRP,central,0.58,0.24546652007971173,0.1337792534434429,545.0
48.91856204878348,419954.7519290227,hot,company_4,SRP,central,0.58,0.24854543005745908,0.1354572593813152,545.0
45.07453298855181,529885.1441261551,hot,company_4,SRP,central,0.58,0.229014687208234,0.12481300452848754,545.0
39.28339124296136,824423.4298113529,hot summer,company_3,SOCO,central,0.58,0.19959105422723802,0.10877712455384474,545.0
19.40631126782038,287837.0662710346,hot summer,company_0,PJM,central,0.58,0.09859958628954178,0.05373677452780028,545.0
20.323658341957465,295130.9301577647,hot summer,company_0,PJM,central,0.58,0.10326044330381749,0.05627694160058054,545.0
51.29166493071586,447929.3263228014,hot summer,company_0,PJM,central,0.58,0.26060269117998114,0.14202846669308974,545.0
55.160686520293865,337576.4713072692,hot summer,company_0,PJM,central,0.58,0.280260416072309,0.15274192675940843,545.0
166.9314833087209,220000.0,hot summer,company_5,PJM,central,0.58,0.8481454803949491,0.4622392868152473,545.0
58.770321547289996,220000.0,hot summer,company_3,TVA,central,0.58,0.29860024971747096,0.1627371360960217,545.0
72.2468686200956,220000.0,hot summer,company_3,PJM,central,0.58,0.3670718900849817,0.20005418009631504,545.0
37.082761696045395,135900.12390153698,hot summer,company_0,PJM,central,0.58,0.18841009562526742,0.10268350211577075,545.0
37.082761696045395,209025.2960172565,hot summer,company_0,PJM,central,0.58,0.18841009562526742,0.10268350211577075,545.0
37.082761696045395,248645.4054429332,hot summer,company_0,PJM,central,0.58,0.18841009562526742,0.10268350211577075,545.0
18.157320051974306,220000.0,cold,company_5,PSEI,central,0.58,0.09225371172007105,0.050278272887438726,545.0
19.698761492681598,220000.0,hot summer,company_3,PJM,central,0.58,0.10008546739201665,0.054546579728649076,545.0
46.110265873008686,220000.0,cold,company_3,NEVP,central,0.58,0.2342770388475825,0.12768098617193246,545.0
37.082761696045395,1596.539947806019,hot summer,company_2,PJM,central,0.58,0.18841009562526742,0.10268350211577075,545.0
9.025400997027669,220000.0,hot summer,company_2,SOCO,central,0.58,0.04585625738569818,0.02499166027520551,545.0
37.082761696045395,570073.3359534875,cold,company_0,CISO,central,0.58,0.18841009562526742,0.10268350211577075,545.0
27.43121600120463,167412.89183562773,hot summer,Synthetic added facility 1,PJM,central,0.58,0.13937252225892044,0.07595802463111165,545.0
43.56597923631668,470170.6932774453,hot summer,Synthetic added facility 2,PJM,central,0.58,0.22135002730387776,0.1206357648806134,545.0
22.551177054493916,286822.150098718,cold,Synthetic added facility 3,PACW,central,0.58,0.11457802037847267,0.06244502110626761,545.0
103.36478284065622,464740.70161544223,hot summer,company_1,DUK,continuity_u0663,0.663,0.6003302549645905,0.32717998895570183,545.0
150.24388655825135,1261040.623508005,hot,company_1,SRP,continuity_u0663,0.663,0.8725984638639368,0.47556616280584557,545.0
31.237843675378627,476124.8000532928,hot summer,company_4,MISO,continuity_u0663,0.663,0.18142564752535803,0.09887697790132013,545.0
32.56214567719483,370869.1409846477,hot summer,company_4,DUK,continuity_u0663,0.663,0.1891170346356663,0.10306878387643813,545.0
299.0370693806963,2150492.798137283,hot summer,company_4,ERCO,continuity_u0663,0.663,1.7367714145147586,0.9465404209105435,545.0
37.87806025021423,464014.12347781874,hot summer,company_4,PJM,continuity_u0663,0.663,0.21999122856601425,0.11989521956847778,545.0
32.64714475543681,316170.7388293107,cold,company_4,PACW,continuity_u0663,0.663,0.18961069908220635,0.10333783099980247,545.0
52.36501238470525,370238.38433459774,cold,company_1,NEVP,continuity_u0663,0.663,0.304129708128882,0.16575069093024072,545.0
35.45722834230212,340032.99617593107,cold,company_1,PACW,continuity_u0663,0.663,0.2059313273446897,0.11223257340285589,545.0
31.07879500165328,533375.4096855276,cold,company_4,PNM,continuity_u0663,0.663,0.18050191191420206,0.09837354199324014,545.0
49.26142240546326,502256.6607936556,hot summer,company_4,PJM,continuity_u0663,0.663,0.28610442996024193,0.15592691432833186,545.0
49.25559255253269,471883.9477040533,cold,company_4,PACE,continuity_u0663,0.663,0.28607057087400356,0.15590846112633194,545.0
163.32811348002667,1275069.4165107051,hot summer,company_4,SWPP,continuity_u0663,0.663,0.9485900837183774,0.5169815956265157,545.0
45.60559916712542,287248.6370956299,hot summer,company_3,TVA,continuity_u0663,0.663,0.2648718472907644,0.1443551567734666,545.0
230.40277157789222,2541539.251497449,hot summer,company_4,TVA,continuity_u0663,0.663,1.3381516489918088,0.7292926487005359,545.0
19.60484898662597,90482.1132781842,cold,company_3,BPAT,continuity_u0663,0.663,0.11386261033244524,0.06205512263118266,545.0
9.575215682642312,75429.03191432882,cold,company_5,GCPD,continuity_u0663,0.663,0.05561170365890464,0.03030837849410303,545.0
40.97784158826464,472718.3539058822,hot summer,company_5,ERCO,continuity_u0663,0.663,0.23799438660365047,0.12970694069898953,545.0
38.51227920145169,529482.4296015956,hot summer,company_3,SOCO,continuity_u0663,0.663,0.22367469612852722,0.12190270939004734,545.0
39.36980017246609,486637.3231741951,hot summer,company_4,SOCO,continuity_u0663,0.663,0.2286550750256624,0.12461701588898602,545.0
37.88788961193531,311056.545740836,hot summer,company_3,ERCO,continuity_u0663,0.663,0.22004831631936683,0.11992633239405494,545.0
34.90244402832096,222992.24363504283,hot summer,company_3,PJM,continuity_u0663,0.663,0.20270920662320474,0.1104765176096466,545.0
76.91230489197196,332804.9540981276,hot summer,company_3,DUK,continuity_u0663,0.663,0.44669743733598605,0.2434501033481124,545.0
22.481966882409495,256901.74414919087,hot summer,company_5,PJM,continuity_u0663,0.663,0.13057256581700846,0.07116204837026961,545.0
78.49163098817685,421165.66937153705,hot summer,company_5,MISO,continuity_u0663,0.663,0.4558699737836126,0.2484491357120689,545.0
101.4192387468706,929535.4727526573,hot summer,company_3,MISO,continuity_u0663,0.663,0.5890307683331749,0.32102176874158034,545.0
72.24210745324218,190350.7653941989,hot summer,company_3,MISO,continuity_u0663,0.663,0.4195734910355362,0.22866755261436725,545.0
205.5089986785684,1103600.8453909168,hot summer,company_5,MISO,continuity_u0663,0.663,1.1935716032452839,0.6504965237686797,545.0
39.13233612167793,253754.0150665376,hot summer,company_5,MISO,continuity_u0663,0.663,0.22727591231437083,0.1238653722113321,545.0
49.694423713531734,287299.85308883595,hot summer,company_1,MISO,continuity_u0663,0.663,0.2886192495973467,0.15729749103055396,545.0
29.34763643388671,122308.81966767246,hot summer,company_3,SWPP,continuity_u0663,0.663,0.17044755069164194,0.09289391512694486,545.0
22.040176510765612,113933.23264198768,hot summer,company_0,PJM,continuity_u0663,0.663,0.12800670035334538,0.06976365169257324,545.0
24.19002972304958,146578.57662691138,hot summer,company_0,PJM,continuity_u0663,0.663,0.1404927898279052,0.07656857045620834,545.0
22.926198785427378,153910.6214183082,hot summer,company_0,PJM,continuity_u0663,0.663,0.13315261140190796,0.07256817321403984,545.0
6.300476701666312,102136.19599745616,hot summer,company_0,PJM,continuity_u0663,0.663,0.03659241262607374,0.01994286488121019,545.0
4.73515755637911,95351.95020699392,hot summer,company_0,PJM,continuity_u0663,0.663,0.02750122686854311,0.014988168643355995,545.0
16.306104725744838,135178.84715982055,hot summer,company_0,PJM,continuity_u0663,0.663,0.09470389951455893,0.05161362523543462,545.0
14.556360720833029,101856.43099312708,hot summer,company_0,PJM,continuity_u0663,0.663,0.08454159630331173,0.0460751699853049,545.0
23.54045604442903,137224.63170483636,hot summer,company_0,PJM,continuity_u0663,0.663,0.13672014385131848,0.07451247839896857,545.0
28.51873548290167,115608.01776334576,hot summer,company_0,PJM,continuity_u0663,0.663,0.16563339343643493,0.09027019942285705,545.0
20.916787720089328,100901.12397224957,hot summer,company_0,PJM,continuity_u0663,0.663,0.12148219306375241,0.06620779521974507,545.0
12.206887912389337,71882.29890686127,hot summer,company_0,PJM,continuity_u0663,0.663,0.07089614016860779,0.03863839639189125,545.0
5.013832172988109,20622.441584954144,hot summer,company_0,PJM,continuity_u0663,0.663,0.02911973560085418,0.01587025590246553,545.0
27.81559007856516,137385.07172736176,hot summer,company_0,PJM,continuity_u0663,0.663,0.16154960930549703,0.08804453707149588,545.0
26.1530307081085,136477.3726463146,hot summer,company_0,PJM,continuity_u0663,0.663,0.15189366398900922,0.08278204687401003,545.0
19.44593754546282,204629.7582334174,hot summer,company_0,PJM,continuity_u0663,0.663,0.1129396717515426,0.06155212110459072,545.0
9.853685889394923,112016.29035353266,hot summer,company_0,PJM,continuity_u0663,0.663,0.05722902520329898,0.031189818735797945,545.0
10.619091674469727,112454.7092606686,hot summer,company_0,PJM,continuity_u0663,0.663,0.061674410154319244,0.033612553534103994,545.0
6.155563289793498,34100.73289466079,hot summer,company_0,PJM,continuity_u0663,0.663,0.035750772919525865,0.019484171241141598,545.0
7.357508642380161,51296.38497934425,hot summer,company_0,PJM,continuity_u0663,0.663,0.04273152729390689,0.023288682375179257,545.0
24.598610414320934,123146.8500198728,hot summer,company_0,PJM,continuity_u0663,0.663,0.14286577745312626,0.07786184871195381,545.0
43.5238714835015,247356.59546542863,hot summer,company_0,PJM,continuity_u0663,0.663,0.2527814227115987,0.1377658753778213,545.0
11.69353729387695,74440.88252859634,hot summer,company_0,PJM,continuity_u0663,0.663,0.06791466137836207,0.03701349045120733,545.0
29.10447009937847,118923.4697900035,hot summer,company_0,PJM,continuity_u0663,0.663,0.16903526980077824,0.09212422204142415,545.0
19.090652424606635,124606.35124241638,hot summer,company_0,PJM,continuity_u0663,0.663,0.11087621840382439,0.0604275390300843,545.0
19.000133261792918,122637.50696600492,hot summer,company_0,PJM,continuity_u0663,0.663,0.11035049396850186,0.06014101921283352,545.0
11.595322674555666,146175.5302120179,hot summer,company_0,PJM,continuity_u0663,0.663,0.06734424265509836,0.03670261224702861,545.0
11.91606013454173,139354.9358906302,hot summer,company_0,PJM,continuity_u0663,0.663,0.06920704733420223,0.03771784079714022,545.0
20.506083207043815,145847.63020989613,hot summer,company_3,SCEG,continuity_u0663,0.663,0.11909687053652564,0.06490779444240648,545.0
15.866928602633077,139680.96513595746,hot summer,company_0,PJM,continuity_u0663,0.663,0.0921532172926606,0.05022350342450003,545.0
13.782073853386704,155949.54844370636,hot summer,company_0,PJM,continuity_u0663,0.663,0.08004463109160757,0.04362432394492613,545.0
13.989301204113934,150264.47663978796,hot summer,company_0,PJM,continuity_u0663,0.663,0.08124818267734923,0.044280259559155336,545.0
25.725766741545996,204405.3470899521,hot summer,company_0,PJM,continuity_u0663,0.663,0.14941216614289018,0.08142963054787515,545.0
18.965479094578914,217957.23838749176,hot summer,company_0,PJM,continuity_u0663,0.663,0.11014922672382298,0.060031328564483524,545.0
16.79318701280732,146701.4121414556,hot summer,company_0,PJM,continuity_u0663,0.663,0.09753281498794338,0.053155384168429146,545.0
43.07974627283067,323070.6825612243,hot summer,company_5,ERCO,continuity_u0663,0.663,0.2502019967830478,0.13636008824676105,545.0
10.049671039253015,103070.83350021712,cold,company_0,BPAT,continuity_u0663,0.663,0.058367283435456795,0.03181016947232396,545.0
31.776199843596444,122469.2954892791,cold,company_0,PACW,continuity_u0663,0.663,0.18455235554762695,0.10058103377345669,545.0
25.670896201920335,256997.38485154105,cold,company_0,BPAT,continuity_u0663,0.663,0.14909348463320907,0.08125594912509895,545.0
22.449500201035573,234061.3902002316,cold,company_0,BPAT,continuity_u0663,0.663,0.13038400322759047,0.07105928175903681,545.0
51.3411861868325,248534.3486158893,cold,company_0,PACW,continuity_u0663,0.663,0.29818344843078076,0.16250997939477552,545.0
2.1723232864422806,29536.44598674052,cold,company_5,BPAT,continuity_u0663,0.663,0.012616592968862392,0.006876043168030004,545.0
241.63004750776386,1072118.9183924838,hot summer,company_3,PJM,continuity_u0663,0.663,1.4033583203193918,0.7648302845740685,545.0
26.100082484003927,160251.55700583392,hot summer,company_0,PJM,continuity_u0663,0.663,0.15158614705719672,0.08261445014617222,545.0
22.788610286563532,172341.5619284399,hot summer,company_0,PJM,continuity_u0663,0.663,0.13235351391112662,0.07213266508156402,545.0
26.25117634254888,258737.62788181144,cold,company_0,BPAT,continuity_u0663,0.663,0.1524636820563628,0.08309270672071772,545.0
15.194825199434062,158439.4886155294,hot summer,company_0,PJM,continuity_u0663,0.663,0.08824972137928912,0.04809609815171257,545.0
124.18995623899112,761671.8807953827,hot,company_3,NEVP,continuity_u0663,0.663,0.7212803630413117,0.3930977978575149,545.0
40.52904234404618,328874.0515204871,hot summer,company_3,ERCO,continuity_u0663,0.663,0.23538781444913898,0.12828635887478076,545.0
15.442215387541806,179516.3867471939,hot summer,company_0,PJM,continuity_u0663,0.663,0.08968653390499631,0.048879160978222994,545.0
49.8760265808319,218592.9064937116,hot summer,company_0,PJM,continuity_u0663,0.663,0.28967397725828203,0.15787231760576373,545.0
41.06430922554422,272114.8559685249,cold,company_0,CISO,continuity_u0663,0.663,0.2384965802648538,0.12998063624434533,545.0
43.32514640612627,229919.4209967804,hot summer,company_0,PJM,continuity_u0663,0.663,0.25162725130921265,0.1371368519635209,545.0
29.4738671752318,151525.9772690042,hot summer,company_0,PJM,continuity_u0663,0.663,0.17118068368968528,0.09329347261087849,545.0
38.71305178602153,466658.4944268557,hot summer,company_4,TVA,continuity_u0663,0.663,0.22484075920699875,0.12253821376781433,545.0
49.164749869630846,443079.2490260955,hot summer,company_4,PJM,continuity_u0663,0.663,0.2855429674728316,0.15562091727269323,545.0
42.19048930052358,237079.48216802903,hot,company_5,AZPS,continuity_u0663,0.663,0.2450372989987249,0.13354532795430507,545.0
41.00709856585511,231435.09880738403,hot,company_5,AZPS,continuity_u0663,0.663,0.2381643076186586,0.12979954765216895,545.0
39.275312001118095,265667.4850296389,hot,company_5,AZPS,continuity_u0663,0.663,0.22810629906505378,0.12431793299045432,545.0
25.862065228447367,153675.29554530594,hot summer,company_0,PJM,continuity_u0663,0.663,0.1502037713989949,0.08186105541245223,545.0
24.32386039376952,149940.20519012536,hot summer,company_0,PJM,continuity_u0663,0.663,0.14127006230376615,0.07699218395555256,545.0
31.723418003428964,161099.5810416752,hot summer,company_0,PJM,continuity_u0663,0.663,0.18424580495375503,0.1004139636997965,545.0
29.19582245716438,144286.0073429096,hot summer,company_0,PJM,continuity_u0663,0.663,0.16956583333251585,0.09241337916622114,545.0
29.762237717788622,137540.38108715444,hot summer,company_0,PJM,continuity_u0663,0.663,0.17285550519639017,0.09420625033203266,545.0
27.687088326628533,161423.43057952242,hot summer,company_5,PJM,continuity_u0663,0.663,0.16080328655045933,0.08763779117000034,545.0
28.043808452106056,256736.3755460582,hot summer,company_5,PJM,continuity_u0663,0.663,0.16287507423281772,0.08876691545688566,545.0
25.5882973398252,75267.9107019397,hot summer,company_5,ERCO,continuity_u0663,0.663,0.148613760354024,0.08099449939294308,545.0
30.652907037156453,157486.8075092353,hot summer,company_5,ERCO,continuity_u0663,0.663,0.17802840572296022,0.09702548111901332,545.0
30.265693213730273,152038.83488559118,hot summer,company_5,ERCO,continuity_u0663,0.663,0.1757795143021598,0.0957998352946771,545.0
34.88689248979228,228060.7032956869,hot summer,company_5,SOCO,continuity_u0663,0.663,0.2026188851536148,0.11042729240872007,545.0
20.61887352665091,156946.3316064873,hot summer,company_0,PJM,continuity_u0663,0.663,0.1197519431779653,0.0652648090319911,545.0
31.59633458146611,197184.7497642312,hot summer,company_0,PJM,continuity_u0663,0.663,0.18350771968900537,0.10001170723050794,545.0
31.722096020936878,167412.89183562773,hot summer,company_0,PJM,continuity_u0663,0.663,0.1842381270380789,0.100409779235753,545.0
42.59815049216674,215911.176985251,hot summer,company_0,PJM,continuity_u0663,0.663,0.24740494628044535,0.13483569572284274,545.0
28.013018384512964,140282.84137386674,hot summer,company_0,PJM,continuity_u0663,0.663,0.16269624921504516,0.08866945582219962,545.0
28.811295100237217,141468.34096770594,hot summer,company_0,PJM,continuity_u0663,0.663,0.16733254458676572,0.09119623679978732,545.0
66.22312735594753,236772.79412428572,cold,company_5,DOPD,continuity_u0663,0.663,0.3846159769080605,0.209615707414893,545.0
38.15259434313257,208486.8205643384,cold,company_0,PACW,continuity_u0663,0.663,0.2215856896335928,0.12076420085030808,545.0
18.38856270571327,155376.04261657243,hot summer,company_0,PJM,continuity_u0663,0.663,0.10679856556725799,0.05820521823415561,545.0
22.10657387397286,191690.4988358896,hot summer,company_0,PJM,continuity_u0663,0.663,0.1283923282711695,0.06997381890778738,545.0
18.236701481717866,152028.42619334877,hot summer,company_0,PJM,continuity_u0663,0.663,0.10591657380163956,0.05772453272189357,545.0
20.145229527258074,149623.21417913146,hot summer,company_0,PJM,continuity_u0663,0.663,0.11700107566677163,0.06376558623839054,545.0
20.232719487669677,148207.88964850194,hot summer,company_0,PJM,continuity_u0663,0.663,0.11750920685804696,0.0640425177376356,545.0
24.92203323979427,201425.2033654612,hot summer,company_0,PJM,continuity_u0663,0.663,0.14474417841273637,0.07888557723494133,545.0
15.98236511220088,143357.99500190778,hot summer,company_0,PJM,continuity_u0663,0.663,0.09282365868784925,0.05058889398487785,545.0
16.380889281700394,153190.35379001344,hot summer,company_0,PJM,continuity_u0663,0.663,0.0951382392414021,0.05185034038656415,545.0
42.287618399966014,256261.4648453048,cold,company_5,WACM,continuity_u0663,0.663,0.24560141315279463,0.13385277016827307,545.0
45.58378652999005,285336.67132802174,cold,company_0,PJM,continuity_u0663,0.663,0.26474516211179866,0.14428611335093028,545.0
19.192158755707446,200993.32305429227,hot summer,company_0,PJM,continuity_u0663,0.663,0.11146575499409817,0.0607488364717835,545.0
18.83733296850549,207513.8712337179,hot summer,company_0,PJM,continuity_u0663,0.663,0.10940496940112367,0.0596257083236124,545.0
36.69715887964579,237381.20160947824,hot summer,company_5,ERCO,continuity_u0663,0.663,0.2131326951139172,0.11615731883708488,545.0
67.39167574419447,297878.72278950905,hot summer,company_3,SWPP,continuity_u0663,0.663,0.3914027657211922,0.21331450731804977,545.0
59.363776227248124,199174.97528285772,cold,company_0,BPAT,continuity_u0663,0.663,0.3447776886747098,0.18790384032771687,545.0
18.758066407929423,213934.2261533689,cold,company_0,BPAT,continuity_u0663,0.663,0.10894459872928515,0.059374806307460413,545.0
62.291623827705,197176.5936454392,cold,company_0,BPAT,continuity_u0663,0.663,0.36178227619645137,0.197171340527066,545.0
38.04814505013872,136463.3842450161,hot summer,company_0,PJM,continuity_u0663,0.663,0.22097906067379972,0.12043358806722085,545.0
47.932294659569585,197316.5197256224,hot summer,company_0,PJM,continuity_u0663,0.663,0.278385015507421,0.15171983345154447,545.0
41.161689038985564,215312.422710154,hot summer,company_0,PJM,continuity_u0663,0.663,0.23906215053574348,0.1302888720419802,545.0
42.57220717752862,214770.27928237416,hot summer,company_0,PJM,continuity_u0663,0.663,0.24725427062222494,0.1347535774891126,545.0
17.697749903756176,104644.34489442784,hot summer,company_0,ERCO,continuity_u0663,0.663,0.10278640771102743,0.05601859220250995,545.0
13.9559808496563,158917.1619325858,hot summer,company_0,PJM,continuity_u0663,0.663,0.08105466205710182,0.044174790821120496,545.0
15.180842926792526,141206.295520529,hot summer,company_0,PJM,continuity_u0663,0.663,0.08816851401765978,0.04805184013962458,545.0
71.62700016890594,289041.84291961393,hot summer,company_3,PJM,continuity_u0663,0.663,0.41600102174098547,0.2267205568488371,545.0
77.43613512009453,268682.4683433969,hot summer,company_3,PJM,continuity_u0663,0.663,0.44973978044129465,0.2451081803405056,545.0
57.73392425087883,241852.048652473,cold,company_0,PACW,continuity_u0663,0.663,0.33531170397819415,0.18274487866811584,545.0
28.25580290957131,263623.29252781085,cold,company_0,PACW,continuity_u0663,0.663,0.16410631260244102,0.08943794036833036,545.0
29.072974851187197,193908.8940722987,hot summer,company_0,PJM,continuity_u0663,0.663,0.1688523491787131,0.09202453030239865,545.0
29.770710899488797,198729.9524147444,hot summer,company_0,PJM,continuity_u0663,0.663,0.172904716418923,0.09423307044831304,545.0
18.89323531700663,154952.9189071703,hot summer,company_0,PJM,continuity_u0663,0.663,0.10972964353293647,0.059802655725450383,545.0
28.395785093489167,142941.45082002482,hot summer,company_0,PJM,continuity_u0663,0.663,0.16491931232877388,0.08988102521918177,545.0
18.361248433824088,155646.78721554903,hot summer,company_0,PJM,continuity_u0663,0.663,0.10663992755383825,0.05811876051684185,545.0
21.490353695816196,191180.60094340728,hot summer,company_0,PJM,continuity_u0663,0.663,0.12481339542285698,0.06802330050545706,545.0
55.651998281102216,210430.49282363165,cold,company_0,BPAT,continuity_u0663,0.663,0.32322012777684794,0.17615496963838215,545.0
61.07457848892816,214415.686206579,cold,company_0,BPAT,continuity_u0663,0.663,0.3547138229142761,0.1933190334882805,545.0
56.193744195985545,180542.0616486889,cold,company_0,BPAT,continuity_u0663,0.663,0.3263665230409805,0.1778697550573344,545.0
62.88155044183976,196831.8236314276,cold,company_0,BPAT,continuity_u0663,0.663,0.36520849918015225,0.19903863205318298,545.0
37.84876933386296,221203.5253671908,cold,company_0,PACW,continuity_u0663,0.663,0.21982111043875605,0.11980250518912205,545.0
47.10040183361535,212817.26210003783,cold,company_0,PACW,continuity_u0663,0.663,0.273553481801418,0.1490866475817728,545.0
16.558720720312053,147690.80758194198,cold,company_0,BPAT,continuity_u0663,0.663,0.09617106289708596,0.05241322927891185,545.0
56.29665167664737,199778.95257682705,cold,company_0,BPAT,continuity_u0663,0.663,0.3269641973397668,0.17819548755017292,545.0
14.297232680188623,120519.5387248374,cold,company_0,BPAT,continuity_u0663,0.663,0.0830366117386139,0.04525495339754458,545.0
18.46925869725228,108746.8887500514,hot summer,company_0,ERCO,continuity_u0663,0.663,0.10726723820259756,0.05846064482041568,545.0
14.614574567169102,112201.94559603398,hot summer,company_5,ERCO,continuity_u0663,0.663,0.08487969533717009,0.0462594339587577,545.0
15.304666598062047,156971.76153558443,hot summer,company_0,PJM,continuity_u0663,0.663,0.08888766704155261,0.04844377853764618,545.0
51.168909653356664,406752.053241504,hot summer,company_3,PJM,continuity_u0663,0.663,0.2971828869975371,0.16196467341365772,545.0
34.04008574044622,237677.3878623116,hot,company_5,AZPS,continuity_u0663,0.663,0.19770073317022285,0.10774689957777146,545.0
44.10757777300005,239026.82375511195,hot,company_5,AZPS,continuity_u0663,0.663,0.25617151879625155,0.1396134777439571,545.0
66.0796114885571,244593.0226522548,hot summer,company_5,PJM,continuity_u0663,0.663,0.38378245397216104,0.2091614374148278,545.0
52.16866704866498,210062.85706649648,cold,company_0,BPAT,continuity_u0663,0.663,0.3029893579786004,0.16512920009833723,545.0
20.834170414374704,115516.19156316044,cold,company_0,BPAT,continuity_u0663,0.663,0.12100236166623857,0.06594628710810002,545.0
47.972272115196525,213042.63599741232,cold,company_0,BPAT,continuity_u0663,0.663,0.27861719977240756,0.15184637387596214,545.0
52.41455947319542,231791.70838577708,cold,company_0,BPAT,continuity_u0663,0.663,0.3044174716731822,0.16590752206188433,545.0
23.474582150111786,222277.4780915476,cold,company_0,BPAT,continuity_u0663,0.663,0.13633755617799123,0.07430396811700522,545.0
20.311443990640793,208544.1505590209,cold,company_0,BPAT,continuity_u0663,0.663,0.11796642932436287,0.06429170398177776,545.0
22.20081272814544,221552.68548661325,cold,company_0,BPAT,continuity_u0663,0.663,0.12893965622754133,0.07027211264401004,545.0
49.41192392736841,239719.93256208883,hot summer,company_5,PJM,continuity_u0663,0.663,0.2869785247392845,0.15640329598291006,545.0
47.25247519186003,233504.3810426879,cold,company_3,BPAT,continuity_u0663,0.663,0.27443670561730005,0.14956800456142855,545.0
44.17014814496623,204163.07215763791,cold,company_0,PACW,continuity_u0663,0.663,0.2565349200081865,0.13981153140446165,545.0
8.966012976629921,125095.1615865374,cold,company_2,PGE,continuity_u0663,0.663,0.052073527446709386,0.02838007245845662,545.0
22.32351729224688,207291.5327433642,hot summer,company_0,PJM,continuity_u0663,0.663,0.1296523096112948,0.07066050873815567,545.0
21.202289243401985,168154.71438519226,hot summer,company_0,PJM,continuity_u0663,0.663,0.12314035165096952,0.0671114916497784,545.0
53.21015231933875,233021.70110695928,hot summer,company_0,PJM,continuity_u0663,0.663,0.30903817945244116,0.16842580780158045,545.0
50.23551677575477,218514.4692679648,hot summer,company_0,PJM,continuity_u0663,0.663,0.29176185317157055,0.15901020997850596,545.0
51.29014194445442,212644.6693153047,hot summer,company_0,PJM,continuity_u0663,0.663,0.2978869895963579,0.16234840933001507,545.0
51.12760332104172,223916.10999772247,hot summer,company_0,PJM,continuity_u0663,0.663,0.2969429847762118,0.16183392670303542,545.0
52.51566806387082,426932.7525838108,hot summer,company_4,DUK,continuity_u0663,0.663,0.3050046982347941,0.16622756053796278,545.0
35.32389887887919,232709.5674182485,hot summer,company_5,ERCO,continuity_u0663,0.663,0.2051569658206649,0.11181054637226237,545.0
37.86650660557071,238864.9497297001,hot summer,company_5,ERCO,continuity_u0663,0.663,0.219924126384362,0.11985864887947731,545.0
34.83381804134069,212996.25817353185,hot summer,company_5,ERCO,continuity_u0663,0.663,0.2023106351259418,0.11025929614363829,545.0
28.644412641897645,161691.57310691418,hot summer,company_0,PJM,continuity_u0663,0.663,0.16636331129462453,0.09066800465557037,545.0
22.883320433439746,155533.56665221168,hot summer,company_0,PJM,continuity_u0663,0.663,0.13290357907896605,0.0724324505980365,545.0
21.23818784902706,149769.1895004221,hot summer,company_0,PJM,continuity_u0663,0.663,0.1233488464446073,0.06722512131231098,545.0
23.864838428479274,157784.0411255813,hot summer,company_0,PJM,continuity_u0663,0.663,0.13860411781199622,0.07553924420753795,545.0
61.97577711538621,278383.6607225549,hot summer,company_0,PJM,continuity_u0663,0.663,0.3599478763929093,0.19617159263413558,545.0
59.839761415650045,252273.3281882312,hot summer,company_0,PJM,continuity_u0663,0.663,0.34754215353072565,0.1894104736742455,545.0
62.67633378255958,253102.7573287542,cold,company_0,PACW,continuity_u0663,0.663,0.3640166254490522,0.19838906086973349,545.0
61.947834525417285,244257.9887557469,cold,company_0,PACW,continuity_u0663,0.663,0.3597855891834806,0.19608314610499694,545.0
42.2068841186953,239376.9453816901,hot summer,company_5,PJM,continuity_u0663,0.663,0.24513251813528808,0.133597222383732,545.0
40.56758254845378,260379.19770680307,hot summer,company_5,PJM,continuity_u0663,0.663,0.23561165133151377,0.12840834997567502,545.0
39.15260714550758,239298.9521761392,hot summer,company_5,PJM,continuity_u0663,0.663,0.22739364398825057,0.12392953597359657,545.0
41.41539578886527,250894.5779652424,hot summer,company_5,PJM,continuity_u0663,0.663,0.24053564889423484,0.131091928647358,545.0
44.175041363719956,244029.28191543603,hot summer,company_5,PJM,continuity_u0663,0.663,0.2565633392355219,0.13982701988335944,545.0
42.814602659021986,255987.24782182992,hot summer,company_5,PJM,continuity_u0663,0.663,0.24866207449128064,0.13552083059774797,545.0
39.72259417200507,254170.77631608688,hot summer,company_5,PJM,continuity_u0663,0.663,0.2307040602397048,0.12573371283063914,545.0
42.727946978067415,262969.24930322374,hot summer,company_5,PJM,continuity_u0663,0.663,0.2481587886949782,0.13524653983876314,545.0
43.17726407816759,243624.7950143157,hot summer,company_5,PJM,continuity_u0663,0.663,0.250768368494308,0.13666876082939788,545.0
16.388436932781577,94704.60031059182,hot summer,company_5,PJM,continuity_u0663,0.663,0.09518207509316347,0.0518742309257741,545.0
45.73579118851751,233010.1444816668,hot summer,company_5,PJM,continuity_u0663,0.663,0.2656279869279671,0.14476725287574208,545.0
45.51903138204029,239557.40756406763,hot summer,company_5,PJM,continuity_u0663,0.663,0.2643690719831242,0.1440811442308027,545.0
47.54793294266111,208867.3300537097,hot summer,company_0,PJM,continuity_u0663,0.663,0.27615268877902266,0.15050321538456737,545.0
51.332088009567876,212759.13332061487,hot summer,company_0,PJM,continuity_u0663,0.663,0.2981306073090091,0.16248118098340997,545.0
36.29076124629822,196686.75215732591,hot summer,company_0,PJM,continuity_u0663,0.663,0.2107723864271505,0.11487095060279702,545.0
37.21258680709944,215159.3761545133,hot summer,company_0,PJM,continuity_u0663,0.663,0.2161262386652167,0.11778880007254312,545.0
53.087086565019874,294173.9115050382,hot summer,company_0,PJM,continuity_u0663,0.663,0.30832342831924764,0.16803626843398997,545.0
46.95614007685286,281195.0657919065,hot summer,company_0,PJM,continuity_u0663,0.663,0.27271562682955225,0.14863001662210598,545.0
28.839123586015816,164075.9685941855,hot summer,company_0,PJM,continuity_u0663,0.663,0.16749416909274953,0.0912843221555485,545.0
37.24458339185462,211488.31880986068,hot summer,company_5,PJM,continuity_u0663,0.663,0.21631207098988461,0.11789007868948713,545.0
16.552140127254344,121909.7444284758,hot summer,company_5,PJM,continuity_u0663,0.663,0.09613284360227796,0.05239239976324149,545.0
16.553158194864697,118438.3183821222,hot summer,company_5,PJM,continuity_u0663,0.663,0.09613875641679077,0.052395622247150976,545.0
19.246264682484547,139724.2880246797,hot summer,company_5,PJM,continuity_u0663,0.663,0.11177999572410835,0.06092009766963905,545.0
16.598216589086466,134253.37676630137,hot summer,company_5,PJM,continuity_u0663,0.663,0.09640045016342351,0.052538245339065814,545.0
17.05384101121981,129638.69963908204,hot summer,company_5,PJM,continuity_u0663,0.663,0.09904666213224331,0.053980430862072604,545.0
16.90734095822283,131819.79607107883,hot summer,company_5,PJM,continuity_u0663,0.663,0.09819580740444321,0.053516715035421554,545.0
41.65792733631986,169870.59857431462,hot summer,company_5,PJM,continuity_u0663,0.663,0.2419442430180654,0.13185961244484565,545.0
39.707982550083265,202011.76781655147,hot summer,company_5,PJM,continuity_u0663,0.663,0.23061919769297762,0.1256874627426728,545.0
15.703099990470296,95613.80061438231,hot summer,company_5,PJM,continuity_u0663,0.663,0.09120172037265262,0.04970493760309568,545.0
48.48125244618023,442406.6854813076,hot summer,company_5,ERCO,continuity_u0663,0.663,0.2815732964571212,0.15345744656913107,545.0
19.93311647618114,155443.2496792402,hot summer,company_0,PJM,continuity_u0663,0.663,0.11576914851968292,0.0630941859432272,545.0
19.68243440421553,153607.56923802535,hot summer,company_0,PJM,continuity_u0663,0.663,0.1143132171275553,0.06230070333451764,545.0
18.229094571546156,151679.13018209348,hot summer,company_0,PJM,continuity_u0663,0.663,0.1058723937801915,0.05770045461020437,545.0
56.266331756613155,201700.01821782425,hot summer,company_0,PJM,continuity_u0663,0.663,0.3267881028825984,0.17809951607101615,545.0
45.72162595631469,214950.417749928,hot summer,company_0,PJM,continuity_u0663,0.663,0.26554571695916096,0.14472241574274272,545.0
41.72826486042865,308536.545400298,hot summer,company_3,ERCO,continuity_u0663,0.663,0.24235275491758637,0.1320822514300846,545.0
37.09077692776829,308014.4112660164,hot summer,company_3,ERCO,continuity_u0663,0.663,0.2154187815032469,0.11740323591926957,545.0
29.543972369254142,496643.2924127061,cold,company_4,PNM,continuity_u0663,0.663,0.17158784624394377,0.09351537620294936,545.0
31.905428097204698,506708.3924127892,cold,company_4,PNM,continuity_u0663,0.663,0.18530289773719325,0.10099007926677032,545.0
20.236804119388392,147330.562642996,cold,company_4,PNM,continuity_u0663,0.663,0.11753292990891345,0.06405544680035784,545.0
28.627439314668848,516729.5400774091,cold,company_4,PNM,continuity_u0663,0.663,0.1662647322468789,0.09061427907454901,545.0
29.175775629590397,461281.67298264,cold,company_4,PNM,continuity_u0663,0.663,0.1694494037635855,0.09234992505115411,545.0
31.28611905196605,485166.4049248318,cold,company_4,PNM,continuity_u0663,0.663,0.1817060251195326,0.09902978369014527,545.0
29.152986966532872,475995.9196274147,cold,company_4,PNM,continuity_u0663,0.663,0.16931704994318694,0.0922777922190369,545.0
42.819611536473985,522091.59524691984,hot summer,company_4,SOCO,continuity_u0663,0.663,0.24869116545045655,0.13553668517049883,545.0
42.45766366090886,496049.8025355253,hot summer,company_4,SOCO,continuity_u0663,0.663,0.24658901562291935,0.13439101351449106,545.0
40.98101323220419,489327.9732513145,hot summer,company_4,SOCO,continuity_u0663,0.663,0.23801280713105408,0.12971697988642447,545.0
46.90213568260354,474697.3906184958,hot summer,company_4,SOCO,continuity_u0663,0.663,0.2724019757882795,0.14845907680461234,545.0
78.04252951125758,261418.2924259128,hot summer,company_3,SWPP,continuity_u0663,0.663,0.4532616462978427,0.2470275972323243,545.0
90.64707734380622,884984.7498183814,hot summer,company_4,SWPP,continuity_u0663,0.663,0.5264673475635453,0.2869247044221322,545.0
91.62013022639452,742712.7647859709,hot summer,company_4,SWPP,continuity_u0663,0.663,0.5321187219392722,0.2900047034569034,545.0
48.761236256539,486461.0166067326,hot,company_4,SRP,continuity_u0663,0.663,0.28319940882962774,0.15434367781214714,545.0
52.57933606479592,402155.80640063225,hot summer,company_4,PJM,continuity_u0663,0.663,0.30537447434400694,0.1664290885174838,545.0
38.74527220250343,240886.637433696,hot,company_5,AZPS,continuity_u0663,0.663,0.22502789151947564,0.12264020087811422,545.0
60.16874512020315,516806.163378152,hot summer,company_4,PJM,continuity_u0663,0.663,0.3494528514087255,0.1904518040177554,545.0
51.703252077866644,470808.74626997806,hot summer,company_4,PJM,continuity_u0663,0.663,0.30028628367800014,0.1636560246045101,545.0
52.61292708555508,397682.4265079607,hot summer,company_4,PJM,continuity_u0663,0.663,0.30556956696165366,0.16653541399410127,545.0
2.8442031217982797,29473.35134838377,hot summer,company_0,ERCO,continuity_u0663,0.663,0.016518790427029795,0.00900274078273124,545.0
37.68572844084413,512909.1871865606,hot summer,company_4,PJM,continuity_u0663,0.663,0.21887418849700982,0.11928643273087036,545.0
37.41659022334406,389320.05053381465,hot summer,company_4,PJM,continuity_u0663,0.663,0.2173110660263555,0.11843453098436375,545.0
37.0747464643225,448778.3655033492,hot summer,company_4,PJM,continuity_u0663,0.663,0.21532567849520937,0.11735249477988911,545.0
41.709951409204876,494226.6367447831,hot summer,company_4,PJM,continuity_u0663,0.663,0.24224639259049283,0.1320242839618186,545.0
51.45108839582413,217310.1668305409,cold,company_0,PACW,continuity_u0663,0.663,0.29882174727233907,0.1628578522634248,545.0
47.25061407956088,229414.0389969261,cold,company_0,PACW,continuity_u0663,0.663,0.2744258965004001,0.14956211359271807,545.0
52.74431407656852,221828.93281025148,cold,company_0,PACW,continuity_u0663,0.663,0.3063326468390208,0.16695129252726634,545.0
66.9371252641102,246638.8913680646,hot summer,company_0,PJM,continuity_u0663,0.663,0.3887627910789203,0.2118757211380116,545.0
63.639943105938,236168.4261407291,hot summer,company_0,PJM,continuity_u0663,0.663,0.3696131527661153,0.20143916825753283,545.0
37.2790740206919,406320.4764584975,hot summer,company_0,PJM,continuity_u0663,0.663,0.21651238842329606,0.11799925169069636,545.0
29.52536038657053,150444.13825510867,hot summer,company_0,PJM,continuity_u0663,0.663,0.17147975008195526,0.09345646379466563,545.0
32.17466423471961,150104.4696893471,hot summer,company_0,PJM,continuity_u0663,0.663,0.1868665889155433,0.10184229095897111,545.0
31.13314715777129,159806.99930311998,hot summer,company_0,PJM,continuity_u0663,0.663,0.18081758271467674,0.09854558257949883,545.0
24.743528429176692,161584.67808614284,hot summer,company_0,PJM,continuity_u0663,0.663,0.14370744389324674,0.07832055692181948,545.0
31.429899273069815,148917.29691057044,hot summer,company_0,PJM,continuity_u0663,0.663,0.1825410833900767,0.09948489044759182,545.0
48.09267659178514,257398.97840883688,hot summer,company_0,PJM,continuity_u0663,0.663,0.27931649452389706,0.15222748951552392,545.0
50.279835487862215,257754.1190285648,hot summer,company_0,PJM,continuity_u0663,0.663,0.2920192509332452,0.15915049175861865,545.0
42.257084456239085,264566.019169638,hot summer,company_0,PJM,continuity_u0663,0.663,0.24542407567170188,0.13375612124107752,545.0
19.138775474739173,147869.9717393834,hot summer,company_0,PJM,continuity_u0663,0.663,0.11115571130422816,0.060579862660804354,545.0
19.91723150797834,133081.36409952756,hot summer,company_0,PJM,continuity_u0663,0.663,0.11567689053055724,0.0630439053391537,545.0
30.26153448334786,271436.80807384057,hot summer,company_0,PJM,continuity_u0663,0.663,0.17575536089514637,0.09578667168785478,545.0
32.727628634399665,266557.8075648185,hot summer,company_0,PJM,continuity_u0663,0.663,0.19007813979315713,0.10359258618727064,545.0
14.983626269222608,335462.29062189,hot summer,company_2,ERCO,continuity_u0663,0.663,0.0870231033364926,0.04742759131838847,545.0
18.34717312432093,209923.2653184445,hot summer,company_2,PJM,continuity_u0663,0.663,0.10655817984528104,0.05807420801567817,545.0
36.54690505791845,356446.4657974896,cold,company_1,PACW,continuity_u0663,0.663,0.21226003894778345,0.11568172122654198,545.0
25.950765073542865,286822.150098718,cold,company_1,PACW,continuity_u0663,0.663,0.1507189294553281,0.08214181655315382,545.0
37.447525745690044,216015.6476994818,hot summer,company_5,MISO,continuity_u0663,0.663,0.2174907358278783,0.11853245102619368,545.0
42.690273360549725,236870.6144913318,hot summer,company_5,MISO,continuity_u0663,0.663,0.24793998484526952,0.1351272917406719,545.0
40.36458486960637,245356.9891750526,hot summer,company_5,MISO,continuity_u0663,0.663,0.23443266517248945,0.12776580251900677,545.0
38.36404632598187,227757.98173970668,hot summer,company_5,MISO,continuity_u0663,0.663,0.22281377737574354,0.12143350866978024,545.0
41.27609657413368,235160.34620735075,hot summer,company_5,MISO,continuity_u0663,0.663,0.23972661577097956,0.13065100559518386,545.0
16.29819416659362,103891.83284993794,hot summer,company_5,PJM,continuity_u0663,0.663,0.09465795593627577,0.051588585985270295,545.0
48.916483751462934,241812.3772248852,hot summer,company_0,PJM,continuity_u0663,0.663,0.28410106765044657,0.15483508186949338,545.0
50.60593416787175,230292.4623246221,hot summer,company_0,PJM,continuity_u0663,0.663,0.293913192934899,0.16018269014951997,545.0
49.45836160402558,233987.10604493573,hot summer,company_0,PJM,continuity_u0663,0.663,0.28724822919278814,0.15655028491006956,545.0
50.71616204025149,227938.3927044756,hot summer,company_0,PJM,continuity_u0663,0.663,0.2945533831903358,0.16053159383873303,545.0
52.09948858762229,207580.43051661048,hot summer,company_0,PJM,continuity_u0663,0.663,0.3025875777782797,0.16491022988916246,545.0
54.42906418899882,214230.2770709225,hot summer,company_0,PJM,continuity_u0663,0.663,0.3161174733220025,0.1722840229604914,545.0
14.192634332282768,108605.97879924472,hot summer,company_5,ERCO,continuity_u0663,0.663,0.08242911708577845,0.04492386881174926,545.0
33.48501869076763,131445.10533775637,hot summer,company_0,PJM,continuity_u0663,0.663,0.1944769703537355,0.10598994884278586,545.0
45.50774605634822,274977.48195959657,hot summer,company_0,PJM,continuity_u0663,0.663,0.2643035281657437,0.14404542285033034,545.0
50.04720288605175,262321.5361442119,hot summer,company_0,PJM,continuity_u0663,0.663,0.29066814869784224,0.15841414104032403,545.0
51.91336819199818,260536.02888729447,hot summer,company_0,PJM,continuity_u0663,0.663,0.30150661285494246,0.16432110400594366,545.0
30.683069069784057,269242.4795866454,hot summer,company_0,PJM,continuity_u0663,0.663,0.17820358318901747,0.09712095283801453,545.0
48.85979384841136,220247.0708678047,cold,company_0,BPAT,continuity_u0663,0.663,0.28377181949631136,0.1546556416254897,545.0
39.92411916034033,211119.6137174449,cold,company_0,PACW,continuity_u0663,0.663,0.23187449318895745,0.12637159878798182,545.0
49.1868283669665,222172.9629353246,cold,company_0,BPAT,continuity_u0663,0.663,0.28567119673593744,0.15569080222108592,545.0
48.94384733376613,198648.83506020103,cold,company_0,BPAT,continuity_u0663,0.663,0.28425999205283364,0.15492169566879435,545.0
2.102887884354922,37108.68409249967,hot summer,company_0,PJM,continuity_u0663,0.663,0.012213320485787264,0.006656259664754059,545.0
30.79808503864292,267710.31635358895,hot summer,company_0,PJM,continuity_u0663,0.663,0.17887158213423343,0.09748501226315723,545.0
34.077931576030856,255975.89628891813,hot summer,company_0,PJM,continuity_u0663,0.663,0.1979205372417981,0.10786669279677996,545.0
33.72689045011075,213944.74573891165,hot summer,company_0,PJM,continuity_u0663,0.663,0.19588173250738924,0.10675554421652715,545.0
12.289147944704261,234942.29577431572,hot summer,company_0,PJM,continuity_u0663,0.663,0.07137389656508898,0.0388987736279735,545.0
78.71933607795813,303398.3917785001,hot summer,company_3,PJM,continuity_u0663,0.663,0.45719245762045146,0.24916988940314608,545.0
72.8245494661811,287318.91902157664,hot summer,company_3,SWPP,continuity_u0663,0.663,0.42295624435364393,0.23051115317273596,545.0
62.841506657169965,277551.1969576037,hot summer,company_3,SWPP,continuity_u0663,0.663,0.36497592968404435,0.1989118816778042,545.0
63.72266416250084,299948.3814681757,hot summer,company_3,SWPP,continuity_u0663,0.663,0.37009358673610543,0.20170100477117747,545.0
104.62845322501808,906895.8465444904,hot summer,company_3,MISO,continuity_u0663,0.663,0.6076695009165181,0.3311798779995024,545.0
103.93794980250857,892393.8577745492,hot summer,company_3,MISO,continuity_u0663,0.663,0.6036591398989936,0.32899423124495153,545.0
25.18861258291736,110660.22495885658,hot summer,company_3,MISO,continuity_u0663,0.663,0.14629243924807409,0.07972937939020039,545.0
65.94349974886065,293635.6418066753,hot summer,company_3,MISO,continuity_u0663,0.663,0.38299193332141285,0.20873060366017002,545.0
69.74702270222673,266753.88172692794,hot summer,company_3,MISO,continuity_u0663,0.663,0.4050823382118086,0.2207698743254357,545.0
58.725939983213394,265887.0944922129,cold,company_5,DOPD,continuity_u0663,0.663,0.3410732123097054,0.18588490070878946,545.0
31.08565952994622,215016.8471053953,cold,company_5,GCPD,continuity_u0663,0.663,0.18054178027078407,0.09839527024757733,545.0
29.952060246227468,249509.24823533543,cold,company_5,GCPD,continuity_u0663,0.663,0.17395797166285962,0.09480709455625849,545.0
27.43457534672585,101055.0873360131,cold,company_5,GCPD,continuity_u0663,0.663,0.15933672146474215,0.08683851319828448,545.0
5.320049036222526,39806.57377625922,cold,company_5,GCPD,continuity_u0663,0.663,0.030898206396496087,0.01683952248609037,545.0
5.251121283171997,43773.93205467986,cold,company_5,GCPD,continuity_u0663,0.663,0.03049788227810898,0.016621345841569397,545.0
13.120297524378106,30598.70417152811,cold,company_5,GCPD,continuity_u0663,0.663,0.07620111358588512,0.04152960690430739,545.0
10.744337720561779,69868.27854151303,cold,company_5,GCPD,continuity_u0663,0.663,0.062401824160496354,0.03400899416747052,545.0
10.096577914359422,73861.55658705783,cold,company_5,GCPD,continuity_u0663,0.663,0.0586397129372498,0.03195864355080114,545.0
10.429894087606721,70399.79677031713,cold,company_5,GCPD,continuity_u0663,0.663,0.060575573273529325,0.033013687434073485,545.0
9.9295183886641,70526.05616511658,cold,company_5,GCPD,continuity_u0663,0.663,0.057669451259154465,0.031429850936239186,545.0
10.249462551702242,68727.35725725151,cold,company_5,GCPD,continuity_u0663,0.663,0.05952764856478042,0.032442568467805334,545.0
10.020354642836509,69800.69031697627,cold,company_5,GCPD,continuity_u0663,0.663,0.0581970173230373,0.03171737444105533,545.0
10.134900687805274,71077.3061911222,cold,company_5,GCPD,continuity_u0663,0.663,0.058862287006690495,0.032079946418646324,545.0
24.926695090089858,100594.07384038856,cold,company_5,GCPD,continuity_u0663,0.663,0.14477125387983109,0.07890033336450794,545.0
23.216058208436415,102584.98017841858,cold,company_5,GCPD,continuity_u0663,0.663,0.1348360801476137,0.07348566368044947,545.0
40.108230353842856,155574.48070517034,cold,company_5,GCPD,continuity_u0663,0.663,0.23294378890747688,0.1269543649545749,545.0
34.48314664654368,151281.49078595958,cold,company_5,GCPD,continuity_u0663,0.663,0.2002739777455281,0.10914931787131282,545.0
45.473621967594035,188252.15830464955,cold,company_5,GCPD,continuity_u0663,0.663,0.2641053395531501,0.1439374100564668,545.0
32.01006053113976,468431.3540337302,hot summer,company_4,MISO,continuity_u0663,0.663,0.185910590357596,0.10132127174488982,545.0
31.45566186678636,504620.0262929694,hot summer,company_4,MISO,continuity_u0663,0.663,0.1826907094428712,0.0995664366463648,545.0
31.2021866078873,463153.7196086372,hot summer,company_4,MISO,continuity_u0663,0.663,0.18121855555621652,0.09876411277813801,545.0
31.208579648565877,457476.347535425,hot summer,company_4,MISO,continuity_u0663,0.663,0.1812556855693128,0.09878434863527548,545.0
30.23942895979419,474602.3634947955,hot summer,company_4,MISO,continuity_u0663,0.663,0.1756269746670095,0.09571670119352019,545.0
28.900502863210026,447008.23972604674,hot summer,company_4,MISO,continuity_u0663,0.663,0.16785065256918028,0.09147860565020326,545.0
40.4968555060673,612247.5826714342,hot summer,company_4,MISO,continuity_u0663,0.663,0.23520087715657814,0.1281844780503351,545.0
29.23348057612306,429989.2853004107,hot summer,company_4,MISO,continuity_u0663,0.663,0.1697845471684536,0.09253257820680721,545.0
31.733213628043433,494185.1574771527,hot summer,company_4,MISO,continuity_u0663,0.663,0.18430269676604089,0.10044496973749228,545.0
30.035474279289218,341892.37795629783,cold,company_4,PACW,continuity_u0663,0.663,0.17444243035719828,0.09507112454467306,545.0
38.67875218506512,493943.2850712439,cold,company_4,PACW,continuity_u0663,0.663,0.224641551240596,0.12242964542612483,545.0
39.69564416809256,472110.54713877407,cold,company_4,PACW,continuity_u0663,0.663,0.2305475378509814,0.12564840812878486,545.0
41.17690691612476,487473.175000408,cold,company_4,PACW,continuity_u0663,0.663,0.23915053414002266,0.13033704110631236,545.0
39.206799213432824,472823.326462908,cold,company_4,PACW,continuity_u0663,0.663,0.22770838501571222,0.12410106983356317,545.0
38.68536213912151,408580.329795038,cold,company_4,PACW,continuity_u0663,0.663,0.22467994106056105,0.12245056787800578,545.0
40.83550791388908,421209.5182484467,cold,company_4,PACW,continuity_u0663,0.663,0.23716772970291816,0.1292564126880904,545.0
40.83808863444711,435941.5820018472,cold,company_4,PACW,continuity_u0663,0.663,0.23718271821823267,0.12926458142893682,545.0
39.32133844550534,450587.0486297438,cold,company_4,PACW,continuity_u0663,0.663,0.22837361513088159,0.12446362024633047,545.0
29.54532423451927,379576.6918786788,hot summer,company_4,DUK,continuity_u0663,0.663,0.1715956977151798,0.093519655254773,545.0
40.81203323780653,467400.7125310285,hot summer,company_4,TVA,continuity_u0663,0.663,0.2370313916011918,0.12918210842264954,545.0
37.42287117835572,504669.1691119269,hot summer,company_4,TVA,continuity_u0663,0.663,0.2173475450593486,0.118454412057345,545.0
18.752405435056158,165503.70678176143,hot summer,company_4,TVA,continuity_u0663,0.663,0.10891172047815396,0.05935688766059392,545.0
48.61837392622855,470170.6932774453,hot summer,company_4,PJM,continuity_u0663,0.663,0.2823696815586643,0.15389147644947207,545.0
49.891722230706954,488075.1462077341,hot summer,company_4,PJM,continuity_u0663,0.663,0.28976513570927837,0.15792199896155673,545.0
51.213880774793495,476919.1688472274,hot summer,company_4,PJM,continuity_u0663,0.663,0.2974440738743076,0.16210702026149765,545.0
54.15003388395819,466207.88485959166,hot summer,company_4,PJM,continuity_u0663,0.663,0.3144968987939631,0.1714008098427099,545.0
52.59251413231676,447066.9785550327,cold,company_4,PACE,continuity_u0663,0.663,0.3054510109787999,0.16647080098344597,545.0
50.02664402904593,563184.9180592597,cold,company_4,PACE,continuity_u0663,0.663,0.29054874532341535,0.15834906620126138,545.0
50.3819791600447,476265.0277792015,cold,company_4,PACE,continuity_u0663,0.663,0.2926124891240405,0.15947380657260207,545.0
47.90205425335134,531860.9785236786,cold,company_4,PACE,continuity_u0663,0.663,0.2782093828569542,0.15162411365704004,545.0
201.53299061626817,1434532.2530616622,hot summer,company_3,SWPP,continuity_u0663,0.663,1.1704794255404116,0.6379112869195244,545.0
79.52332277558688,534898.1572779141,hot summer,company_3,SWPP,continuity_u0663,0.663,0.46186191588187553,0.25171474415562217,545.0
102.48732431156569,689099.1199134763,hot summer,company_3,SWPP,continuity_u0663,0.663,0.5952340811226561,0.3244025742118476,545.0
67.68169603310939,434706.5074675889,hot summer,company_3,SWPP,continuity_u0663,0.663,0.3930871687567754,0.21423250697244262,545.0
20.695783535285493,135970.5352163356,hot summer,company_3,SWPP,continuity_u0663,0.663,0.12019862727891391,0.06550825186700808,545.0
21.71788965871948,135823.5662488562,hot summer,company_3,SWPP,continuity_u0663,0.663,0.12613489699108368,0.06874351886014061,545.0
50.15569013495031,310201.162401196,hot summer,company_3,SWPP,continuity_u0663,0.663,0.29129822962097524,0.15875753514343152,545.0
51.44284313060528,398078.802005507,cold,company_1,NEVP,continuity_u0663,0.663,0.2987738597613798,0.16283175356995203,545.0
52.170124066713754,422985.4665257135,cold,company_1,NEVP,continuity_u0663,0.663,0.3029978201645855,0.1651338119896991,545.0
9.883650495110212,20290.60998898013,hot summer,company_1,DUK,continuity_u0663,0.663,0.0574030560375407,0.03128466554045969,545.0
50.99497685155956,239580.13811403647,hot summer,company_1,DUK,continuity_u0663,0.663,0.2961727061566357,0.16141412485536646,545.0
50.46168015377903,261249.60762762613,hot summer,company_1,DUK,continuity_u0663,0.663,0.2930753829315302,0.15972608369768396,545.0
17.229914253740798,123987.41083015827,cold,company_1,CISO,continuity_u0663,0.663,0.10006927439601611,0.054537754545828786,545.0
19.392314822122138,102518.50822258556,cold,company_3,BPAT,continuity_u0663,0.663,0.11262823740910673,0.06138238938796317,545.0
50.49173077697194,169803.5658707349,cold,company_3,BPAT,continuity_u0663,0.663,0.29324991334495987,0.15982120277300313,545.0
20.674251748116937,145781.49918079298,hot summer,company_3,SCEG,continuity_u0663,0.663,0.12007357324285341,0.06544009741735511,545.0
32.45338912594997,247588.89286866624,hot summer,company_3,SCEG,continuity_u0663,0.663,0.18848538963682235,0.10272453735206818,545.0
31.709235850154826,377505.98009328113,hot summer,company_3,SCEG,continuity_u0663,0.663,0.18416343670939722,0.1003690730066215,545.0
22.34366812998373,206218.09962217195,hot summer,company_3,SCEG,continuity_u0663,0.663,0.1297693432587699,0.07072429207602961,545.0
38.7960514601768,165867.9775209859,hot summer,company_3,SCEG,continuity_u0663,0.663,0.22532281135453164,0.12280093218821975,545.0
42.103585460369445,173455.7654175762,hot summer,company_3,SCEG,continuity_u0663,0.663,0.24453257192357053,0.13327025169834594,545.0
50.89222467190779,172834.21193892433,hot summer,company_3,SCEG,continuity_u0663,0.663,0.2955759338274798,0.1610888839359765,545.0
44.76120697876904,169367.3158526496,hot summer,company_3,SCEG,continuity_u0663,0.663,0.25996771878785313,0.14168240673937996,545.0
48.39180722500043,463965.1221948903,hot,company_4,SRP,continuity_u0663,0.663,0.28105380934593555,0.15317432609353487,545.0
48.312572838866274,524620.2260242646,hot,company_4,SRP,continuity_u0663,0.663,0.28059362553939465,0.1529235259189701,545.0
48.91856204878348,419954.7519290227,hot,company_4,SRP,continuity_u0663,0.663,0.2841131381518886,0.1548416602927793,545.0
45.07453298855181,529885.1441261551,hot,company_4,SRP,continuity_u0663,0.663,0.2617874786535503,0.14267417586618492,545.0
39.28339124296136,824423.4298113529,hot summer,company_3,SOCO,continuity_u0663,0.663,0.22815322233217042,0.12434350617103289,545.0
19.40631126782038,287837.0662710346,hot summer,company_0,PJM,continuity_u0663,0.663,0.11270952708614863,0.06142669226195101,545.0
20.323658341957465,295130.9301577647,hot summer,company_0,PJM,continuity_u0663,0.663,0.11803736881108794,0.06433036600204294,545.0
51.29166493071586,447929.3263228014,hot summer,company_0,PJM,continuity_u0663,0.663,0.297895834917806,0.1623532300302043,545.0
55.160686520293865,337576.4713072692,hot summer,company_0,PJM,continuity_u0663,0.663,0.3203666480274843,0.17459982317497896,545.0
166.9314833087209,220000.0,hot summer,company_5,PJM,continuity_u0663,0.663,0.969518023279054,0.5283873226870844,545.0
58.770321547289996,220000.0,hot summer,company_3,TVA,continuity_u0663,0.663,0.3413309751080746,0.18602538143390066,545.0
72.2468686200956,220000.0,hot summer,company_3,PJM,continuity_u0663,0.663,0.41960114332128085,0.22868262311009807,545.0
37.082761696045395,135900.12390153698,hot summer,company_0,PJM,continuity_u0663,0.663,0.21537222999922812,0.11737786534957934,545.0
37.082761696045395,209025.2960172565,hot summer,company_0,PJM,continuity_u0663,0.663,0.21537222999922812,0.11737786534957934,545.0
37.082761696045395,248645.4054429332,hot summer,company_0,PJM,continuity_u0663,0.663,0.21537222999922812,0.11737786534957934,545.0
18.157320051974306,220000.0,cold,company_5,PSEI,continuity_u0663,0.663,0.10545553598346054,0.057473267110986,545.0
19.698761492681598,220000.0,hot summer,company_3,PJM,continuity_u0663,0.663,0.1144080428981156,0.062352383379473006,545.0
46.110265873008686,220000.0,cold,company_3,NEVP,continuity_u0663,0.663,0.26780289095852966,0.14595257557239869,545.0
37.082761696045395,1596.539947806019,hot summer,company_2,PJM,continuity_u0663,0.663,0.21537222999922812,0.11737786534957934,545.0
9.025400997027669,220000.0,hot summer,company_2,SOCO,continuity_u0663,0.663,0.052418445942617055,0.028568053038726296,545.0
37.082761696045395,570073.3359534875,cold,company_0,CISO,continuity_u0663,0.663,0.21537222999922812,0.11737786534957934,545.0
27.43121600120463,167412.89183562773,hot summer,Synthetic added facility 1,PJM,continuity_u0663,0.663,0.15931721078907635,0.08682787988004662,545.0
43.56597923631668,470170.6932774453,hot summer,Synthetic added facility 2,PJM,continuity_u0663,0.663,0.2530259794870189,0.1378991588204253,545.0
22.551177054493916,286822.150098718,cold,Synthetic added facility 3,PACW,continuity_u0663,0.663,0.13097453019125413,0.0713811189542335,545.0
103.36478284065622,464740.70161544223,hot summer,company_1,DUK,ai_weighted_high,0.7,0.633832848378904,0.3454389023665027,545.0
150.24388655825135,1261040.623508005,hot,company_1,SRP,ai_weighted_high,0.7,0.9212955123751971,0.5021060542444825,545.0
31.237843675378627,476124.8000532928,hot summer,company_4,MISO,ai_weighted_high,0.7,0.19155045741742174,0.10439499929249486,545.0
32.56214567719483,370869.1409846477,hot summer,company_4,DUK,ai_weighted_high,0.7,0.19967107729255867,0.10882073712444448,545.0
299.0370693806963,2150492.798137283,hot summer,company_4,ERCO,ai_weighted_high,0.7,1.8336953094424298,0.9993639436461242,545.0
37.87806025021423,464014.12347781874,hot summer,company_4,PJM,ai_weighted_high,0.7,0.23226826545431367,0.12658620467260095,545.0
32.64714475543681,316170.7388293107,cold,company_4,PACW,ai_weighted_high,0.7,0.20019229164033853,0.1091047989439845,545.0
52.36501238470525,370238.38433459774,cold,company_1,NEVP,ai_weighted_high,0.7,0.3211022559430126,0.17500072948894188,545.0
35.45722834230212,340032.99617593107,cold,company_1,PACW,ai_weighted_high,0.7,0.21742372419499661,0.11849592968627316,545.0
31.07879500165328,533375.4096855276,cold,company_4,PNM,ai_weighted_high,0.7,0.1905751709501379,0.10386346816782516,545.0
49.26142240546326,502256.6607936556,hot summer,company_4,PJM,ai_weighted_high,0.7,0.3020710421903007,0.16462871799371387,545.0
49.25559255253269,471883.9477040533,cold,company_4,PACE,ai_weighted_high,0.7,0.30203529353213043,0.1646092349750111,545.0
163.32811348002667,1275069.4165107051,hot summer,company_4,SWPP,ai_weighted_high,0.7,1.0015279918595235,0.5458327555634404,545.0
45.60559916712542,287248.6370956299,hot summer,company_3,TVA,ai_weighted_high,0.7,0.27965353409281307,0.15241117608058313,545.0
230.40277157789222,2541539.251497449,hot summer,company_4,TVA,ai_weighted_high,0.7,1.412829795315635,0.7699922384470211,545.0
19.60484898662597,90482.1132781842,cold,company_3,BPAT,ai_weighted_high,0.7,0.12021693398599044,0.06551822902236479,545.0
9.575215682642312,75429.03191432882,cold,company_5,GCPD,ai_weighted_high,0.7,0.058715222565962656,0.03199979629844965,545.0
40.97784158826464,472718.3539058822,hot summer,company_5,ERCO,ai_weighted_high,0.7,0.25127612461923876,0.13694548791748515,545.0
38.51227920145169,529482.4296015956,hot summer,company_3,SOCO,ai_weighted_high,0.7,0.23615729606330174,0.12870572635449945,545.0
39.36980017246609,486637.3231741951,hot summer,company_4,SOCO,ai_weighted_high,0.7,0.2414156146575621,0.13157150998837136,545.0
37.88788961193531,311056.545740836,hot summer,company_3,ERCO,ai_weighted_high,0.7,0.23232853910038728,0.12661905380971109,545.0
34.90244402832096,222992.24363504283,hot summer,company_3,PJM,ai_weighted_high,0.7,0.21402178678166411,0.11664187379600695,545.0
76.91230489197196,332804.9540981276,hot summer,company_3,DUK,ai_weighted_high,0.7,0.471626253597572,0.25703630821067674,545.0
22.481966882409495,256901.74414919087,hot summer,company_5,PJM,ai_weighted_high,0.7,0.13785942092293502,0.07513338440299959,545.0
78.49163098817685,421165.66937153705,hot summer,company_5,MISO,ai_weighted_high,0.7,0.48131068121950044,0.2623143212646278,545.0
101.4192387468706,929535.4727526573,hot summer,company_3,MISO,ai_weighted_high,0.7,0.6219027719958106,0.33893701073771676,545.0
72.24210745324218,190350.7653941989,hot summer,company_3,MISO,ai_weighted_high,0.7,0.44298860290328107,0.2414287885822882,545.0
205.5089986785684,1103600.8453909168,hot summer,company_5,MISO,ai_weighted_high,0.7,1.2601811798969813,0.6867987430438549,545.0
39.13233612167793,253754.0150665376,hot summer,company_5,MISO,ai_weighted_high,0.7,0.23995948509812906,0.13077791937848035,545.0
49.694423713531734,287299.85308883595,hot summer,company_1,MISO,ai_weighted_high,0.7,0.3047262062113766,0.16607578238520024,545.0
29.34763643388671,122308.81966767246,hot summer,company_3,SWPP,ai_weighted_high,0.7,0.17995970661259328,0.09807804010386334,545.0
22.040176510765612,113933.23264198768,hot summer,company_0,PJM,ai_weighted_high,0.7,0.13515036236401473,0.07365694748838804,545.0
24.19002972304958,146578.57662691138,hot summer,company_0,PJM,ai_weighted_high,0.7,0.14833326226174,0.08084162793264832,545.0
22.926198785427378,153910.6214183082,hot summer,company_0,PJM,ai_weighted_high,0.7,0.14058345095224067,0.07661798076897117,545.0
6.300476701666312,102136.19599745616,hot summer,company_0,PJM,ai_weighted_high,0.7,0.03863452313461783,0.021055815108366717,545.0
4.73515755637911,95351.95020699392,hot summer,company_0,PJM,ai_weighted_high,0.7,0.0290359861357167,0.015824612443965602,545.0
16.306104725744838,135178.84715982055,hot summer,company_0,PJM,ai_weighted_high,0.7,0.09998903417826734,0.054494023627155705,545.0
14.556360720833029,101856.43099312708,hot summer,company_0,PJM,ai_weighted_high,0.7,0.08925960394014812,0.04864648414738073,545.0
23.54045604442903,137224.63170483636,hot summer,company_0,PJM,ai_weighted_high,0.7,0.1443500764644388,0.07867079167311915,545.0
28.51873548290167,115608.01776334576,hot summer,company_0,PJM,ai_weighted_high,0.7,0.17487688598115303,0.09530790285972841,545.0
20.916787720089328,100901.12397224957,hot summer,company_0,PJM,ai_weighted_high,0.7,0.12826174229958776,0.06990264955327533,545.0
12.206887912389337,71882.29890686127,hot summer,company_0,PJM,ai_weighted_high,0.7,0.0748526366787714,0.04079468698993042,545.0
5.013832172988109,20622.441584954144,hot summer,company_0,PJM,ai_weighted_high,0.7,0.030744818884763082,0.01675592629219588,545.0
27.81559007856516,137385.07172736176,hot summer,company_0,PJM,ai_weighted_high,0.7,0.17056519836176154,0.09295803310716004,545.0
26.1530307081085,136477.3726463146,hot summer,company_0,PJM,ai_weighted_high,0.7,0.16037038430212133,0.08740185944465613,545.0
19.44593754546282,204629.7582334174,hot summer,company_0,PJM,ai_weighted_high,0.7,0.119242489028778,0.06498715652068401,545.0
9.853685889394923,112016.29035353266,hot summer,company_0,PJM,ai_weighted_high,0.7,0.06042280187376965,0.03293042702120446,545.0
10.619091674469727,112454.7092606686,hot summer,company_0,PJM,ai_weighted_high,0.7,0.06511627014784836,0.03548836723057736,545.0
6.155563289793498,34100.73289466079,hot summer,company_0,PJM,ai_weighted_high,0.7,0.03774591409301373,0.020571523180692483,545.0
7.357508642380161,51296.38497934425,hot summer,company_0,PJM,ai_weighted_high,0.7,0.04511624299507514,0.024588352432315955,545.0
24.598610414320934,123146.8500198728,hot summer,company_0,PJM,ai_weighted_high,0.7,0.15083867906061596,0.0822070800880357,545.0
43.5238714835015,247356.59546542863,hot summer,company_0,PJM,ai_weighted_high,0.7,0.2668883799368312,0.14545416706557301,545.0
11.69353729387695,74440.88252859634,hot summer,company_0,PJM,ai_weighted_high,0.7,0.07170477068605345,0.03907910002389913,545.0
29.10447009937847,118923.4697900035,hot summer,company_0,PJM,ai_weighted_high,0.7,0.17846861064938876,0.09726539280391688,545.0
19.090652424606635,124606.35124241638,hot summer,company_0,PJM,ai_weighted_high,0.7,0.11706388066768787,0.0637998149638899,545.0
19.000133261792918,122637.50696600492,hot summer,company_0,PJM,ai_weighted_high,0.7,0.11650881716131417,0.06349730535291623,545.0
11.595322674555666,146175.5302120179,hot summer,company_0,PJM,ai_weighted_high,0.7,0.07110251864037535,0.03875087265900457,545.0
11.91606013454173,139354.9358906302,hot summer,company_0,PJM,ai_weighted_high,0.7,0.07306928074500989,0.03982275800603039,545.0
20.506083207043815,145847.63020989613,hot summer,company_3,SCEG,ai_weighted_high,0.7,0.12574330222559266,0.068530099712948,545.0
15.866928602633077,139680.96513595746,hot summer,company_0,PJM,ai_weighted_high,0.7,0.09729600619134603,0.05302632337428359,545.0
13.782073853386704,155949.54844370636,hot summer,company_0,PJM,ai_weighted_high,0.7,0.08451167686896727,0.04605886389358716,545.0
13.989301204113934,150264.47663978796,hot summer,company_0,PJM,ai_weighted_high,0.7,0.08578239498362664,0.04675140526607652,545.0
25.725766741545996,204405.3470899521,hot summer,company_0,PJM,ai_weighted_high,0.7,0.15775040165916004,0.08597396890424223,545.0
18.965479094578914,217957.23838749176,hot summer,company_0,PJM,ai_weighted_high,0.7,0.11629631780795789,0.06338149320533705,545.0
16.79318701280732,146701.4121414556,hot summer,company_0,PJM,ai_weighted_high,0.7,0.10297582276253447,0.05612182340558129,545.0
43.07974627283067,323070.6825612243,hot summer,company_5,ERCO,ai_weighted_high,0.7,0.2641650041449976,0.14396992725902372,545.0
10.049671039253015,103070.83350021712,cold,company_0,BPAT,ai_weighted_high,0.7,0.06162458281269948,0.03358539763292122,545.0
31.776199843596444,122469.2954892791,cold,company_0,PACW,ai_weighted_high,0.7,0.1948516574409334,0.10619415330530872,545.0
25.670896201920335,256997.38485154105,cold,company_0,BPAT,ai_weighted_high,0.7,0.1574139355101755,0.08579059485304565,545.0
22.449500201035573,234061.3902002316,cold,company_0,BPAT,ai_weighted_high,0.7,0.1376603352327501,0.0750248827018488,545.0
51.3411861868325,248534.3486158893,cold,company_0,PACW,ai_weighted_high,0.7,0.31482415369765687,0.171579163765223,545.0
2.1723232864422806,29536.44598674052,cold,company_5,BPAT,ai_weighted_high,0.7,0.013320686392464061,0.0072597740838929135,545.0
241.63004750776386,1072118.9183924838,hot summer,company_3,PJM,ai_weighted_high,0.7,1.4816754513176078,0.8075131209680964,545.0
26.100082484003927,160251.55700583392,hot summer,company_0,PJM,ai_weighted_high,0.7,0.16004570579191207,0.08722490965659209,545.0
22.788610286563532,172341.5619284399,hot summer,company_0,PJM,ai_weighted_high,0.7,0.13973975827720758,0.07615816826107814,545.0
26.25117634254888,258737.62788181144,cold,company_0,BPAT,ai_weighted_high,0.7,0.16097221333250974,0.08772985626621782,545.0
15.194825199434062,158439.4886155294,hot summer,company_0,PJM,ai_weighted_high,0.7,0.09317466812292967,0.05078019412699667,545.0
124.18995623899112,761671.8807953827,hot,company_3,NEVP,ai_weighted_high,0.7,0.7615328116574934,0.4150353823533339,545.0
40.52904234404618,328874.0515204871,hot summer,company_3,ERCO,ai_weighted_high,0.7,0.2485240876536912,0.1354456277712617,545.0
15.442215387541806,179516.3867471939,hot summer,company_0,PJM,ai_weighted_high,0.7,0.09469166475640635,0.05160695729224146,545.0
49.8760265808319,218592.9064937116,hot summer,company_0,PJM,ai_weighted_high,0.7,0.30583979499366115,0.16668268827154534,545.0
41.06430922554422,272114.8559685249,cold,company_0,CISO,ai_weighted_high,0.7,0.25180634417103714,0.13723445757321526,545.0
43.32514640612627,229919.4209967804,hot summer,company_0,PJM,ai_weighted_high,0.7,0.2656697977623663,0.14479003978048965,545.0
29.4738671752318,151525.9772690042,hot summer,company_0,PJM,ai_weighted_high,0.7,0.1807337535185214,0.09849989566759416,545.0
38.71305178602153,466658.4944268557,hot summer,company_4,TVA,ai_weighted_high,0.7,0.23738843355188402,0.1293766962857768,545.0
49.164749869630846,443079.2490260955,hot summer,company_4,PJM,ai_weighted_high,0.7,0.3014782462005764,0.16430564417931415,545.0
42.19048930052358,237079.48216802903,hot,company_5,AZPS,ai_weighted_high,0.7,0.25871208039081056,0.14099808381299175,545.0
41.00709856585511,231435.09880738403,hot,company_5,AZPS,ai_weighted_high,0.7,0.2514555284058235,0.13704326298117384,545.0
39.275312001118095,265667.4850296389,hot,company_5,AZPS,ai_weighted_high,0.7,0.24083621319085616,0.13125573618901662,545.0
25.862065228447367,153675.29554530594,hot summer,company_0,PJM,ai_weighted_high,0.7,0.15858618398083923,0.08642947026955738,545.0
24.32386039376952,149940.20519012536,hot summer,company_0,PJM,ai_weighted_high,0.7,0.14915391193459468,0.08128888200435411,545.0
31.723418003428964,161099.5810416752,hot summer,company_0,PJM,ai_weighted_high,0.7,0.1945279991970264,0.1060177595623794,545.0
29.19582245716438,144286.0073429096,hot summer,company_0,PJM,ai_weighted_high,0.7,0.17902878330733196,0.09757068690249593,545.0
29.762237717788622,137540.38108715444,hot summer,company_0,PJM,ai_weighted_high,0.7,0.18250204168547982,0.0994636127185865,545.0
27.687088326628533,161423.43057952242,hot summer,company_5,PJM,ai_weighted_high,0.7,0.16977722561888614,0.09252858796229295,545.0
28.043808452106056,256736.3755460582,hot summer,company_5,PJM,ai_weighted_high,0.7,0.17196463342831433,0.09372072521843132,545.0
25.5882973398252,75267.9107019397,hot summer,company_5,ERCO,ai_weighted_high,0.7,0.15690743928780812,0.08551455441185543,545.0
30.652907037156453,157486.8075092353,hot summer,company_5,ERCO,ai_weighted_high,0.7,0.18796362595184335,0.10244017614375463,545.0
30.265693213730273,152038.83488559118,hot summer,company_5,ERCO,ai_weighted_high,0.7,0.18558923078659403,0.10114613077869375,545.0
34.88689248979228,228060.7032956869,hot summer,company_5,SOCO,ai_weighted_high,0.7,0.21392642474740625,0.11658990148733642,545.0
20.61887352665091,156946.3316064873,hot summer,company_0,PJM,ai_weighted_high,0.7,0.12643493246542337,0.06890703819365573,545.0
31.59633458146611,197184.7497642312,hot summer,company_0,PJM,ai_weighted_high,0.7,0.19374872365355014,0.10559305439118484,545.0
31.722096020936878,167412.89183562773,hot summer,company_0,PJM,ai_weighted_high,0.7,0.19451989280038492,0.10601334157620979,545.0
42.59815049216674,215911.176985251,hot summer,company_0,PJM,ai_weighted_high,0.7,0.26121185881796644,0.14236046305579172,545.0
28.013018384512964,140282.84137386674,hot summer,company_0,PJM,ai_weighted_high,0.7,0.17177582873383349,0.09361782665993926,545.0
28.811295100237217,141468.34096770594,hot summer,company_0,PJM,ai_weighted_high,0.7,0.1766708615546546,0.09628561954728677,545.0
66.22312735594753,236772.79412428572,cold,company_5,DOPD,ai_weighted_high,0.7,0.4060802169466702,0.22131371823593526,545.0
38.15259434313257,208486.8205643384,cold,company_0,PACW,ai_weighted_high,0.7,0.2339517085120889,0.12750368113908847,545.0
18.38856270571327,155376.04261657243,hot summer,company_0,PJM,ai_weighted_high,0.7,0.11275866651143375,0.0614534732487314,545.0
22.10657387397286,191690.4988358896,hot summer,company_0,PJM,ai_weighted_high,0.7,0.13555751099520155,0.07387884349238485,545.0
18.236701481717866,152028.42619334877,hot summer,company_0,PJM,ai_weighted_high,0.7,0.11182745348589396,0.06094596214981221,545.0
20.145229527258074,149623.21417913146,hot summer,company_0,PJM,ai_weighted_high,0.7,0.1235305474611465,0.06732414836632485,545.0
20.232719487669677,148207.88964850194,hot summer,company_0,PJM,ai_weighted_high,0.7,0.12406703589839044,0.0676165345646228,545.0
24.92203323979427,201425.2033654612,hot summer,company_0,PJM,ai_weighted_high,0.7,0.15282190782641847,0.08328793976539807,545.0
15.98236511220088,143357.99500190778,hot summer,company_0,PJM,ai_weighted_high,0.7,0.09800386286801578,0.0534121052630686,545.0
16.380889281700394,153190.35379001344,hot summer,company_0,PJM,ai_weighted_high,0.7,0.10044761307538683,0.05474394912608582,545.0
42.287618399966014,256261.4648453048,cold,company_5,WACM,ai_weighted_high,0.7,0.25930767602859156,0.1413226834355824,545.0
45.58378652999005,285336.67132802174,cold,company_0,PJM,ai_weighted_high,0.7,0.279519779001899,0.15233827955603496,545.0
19.192158755707446,200993.32305429227,hot summer,company_0,PJM,ai_weighted_high,0.7,0.11768631748999805,0.06413904303204894,545.0
18.83733296850549,207513.8712337179,hot summer,company_0,PJM,ai_weighted_high,0.7,0.11551052576287565,0.06295323654076723,545.0
36.69715887964579,237381.20160947824,hot summer,company_5,ERCO,ai_weighted_high,0.7,0.22502697824998796,0.12263970314624345,545.0
67.39167574419447,297878.72278950905,hot summer,company_3,SWPP,ai_weighted_high,0.7,0.41324575566340044,0.22521893683655325,545.0
59.363776227248124,199174.97528285772,cold,company_0,BPAT,ai_weighted_high,0.7,0.36401867582548547,0.1983901783248896,545.0
18.758066407929423,213934.2261533689,cold,company_0,BPAT,ai_weighted_high,0.7,0.1150244632134232,0.06268833245131565,545.0
62.291623827705,197176.5936454392,cold,company_0,BPAT,ai_weighted_high,0.7,0.3819722373114871,0.20817486933476048,545.0
38.04814505013872,136463.3842450161,hot summer,company_0,PJM,ai_weighted_high,0.7,0.23331122544745064,0.12715461786886062,545.0
47.932294659569585,197316.5197256224,hot summer,company_0,PJM,ai_weighted_high,0.7,0.29392083085248066,0.16018685281460196,545.0
41.161689038985564,215312.422710154,hot summer,company_0,PJM,ai_weighted_high,0.7,0.25240347718705947,0.1375598950669474,545.0
42.57220717752862,214770.27928237416,hot summer,company_0,PJM,ai_weighted_high,0.7,0.2610527744126055,0.14227376205487,545.0
17.697749903756176,104644.34489442784,hot summer,company_0,ERCO,ai_weighted_high,0.7,0.10852260240983286,0.05914481831335891,545.0
13.9559808496563,158917.1619325858,hot summer,company_0,PJM,ai_weighted_high,0.7,0.08557807457009242,0.04664005064070037,545.0
15.180842926792526,141206.295520529,hot summer,company_0,PJM,ai_weighted_high,0.7,0.09308892882709176,0.050733466210765014,545.0
71.62700016890594,289041.84291961393,hot summer,company_3,PJM,ai_weighted_high,0.7,0.4392167650357312,0.2393731369444735,545.0
77.43613512009453,268682.4683433969,hot summer,company_3,PJM,ai_weighted_high,0.7,0.4748383805564196,0.2587869174032487,545.0
57.73392425087883,241852.048652473,cold,company_0,PACW,ai_weighted_high,0.7,0.35402442350638896,0.192943310810982,545.0
28.25580290957131,263623.29252781085,cold,company_0,PACW,ai_weighted_high,0.7,0.17326458344149126,0.09442919797561275,545.0
29.072974851187197,193908.8940722987,hot summer,company_0,PJM,ai_weighted_high,0.7,0.1782754817874799,0.09716013757417655,545.0
29.770710899488797,198729.9524147444,hot summer,company_0,PJM,ai_weighted_high,0.7,0.18255399923566532,0.09949192958343761,545.0
18.89323531700663,154952.9189071703,hot summer,company_0,PJM,ai_weighted_high,0.7,0.11585331896388465,0.06314005883531713,545.0
28.395785093489167,142941.45082002482,hot summer,company_0,PJM,ai_weighted_high,0.7,0.17412295419327556,0.09489701003533518,545.0
18.361248433824088,155646.78721554903,hot summer,company_0,PJM,ai_weighted_high,0.7,0.1125911753962093,0.061362190590934076,545.0
21.490353695816196,191180.60094340728,hot summer,company_0,PJM,ai_weighted_high,0.7,0.1317788488627449,0.07181947263019597,545.0
55.651998281102216,210430.49282363165,cold,company_0,BPAT,ai_weighted_high,0.7,0.34125805345971877,0.18598563913554675,545.0
61.07457848892816,214415.686206579,cold,company_0,BPAT,ai_weighted_high,0.7,0.37450931529410747,0.20410757683528857,545.0
56.193744195985545,180542.0616486889,cold,company_0,BPAT,ai_weighted_high,0.7,0.3445800394097833,0.1877961214783319,545.0
62.88155044183976,196831.8236314276,cold,company_0,BPAT,ai_weighted_high,0.7,0.38558966730936134,0.21014636868360195,545.0
37.84876933386296,221203.5253671908,cold,company_0,PACW,ai_weighted_high,0.7,0.23208865355524766,0.12648831618760997,545.0
47.10040183361535,212817.26210003783,cold,company_0,PACW,ai_weighted_high,0.7,0.28881966404372933,0.15740671690383248,545.0
16.558720720312053,147690.80758194198,cold,company_0,BPAT,ai_weighted_high,0.7,0.10153807545695351,0.055338251124039665,545.0
56.29665167664737,199778.95257682705,cold,company_0,BPAT,ai_weighted_high,0.7,0.3452110680812016,0.1881400321042549,545.0
14.297232680188623,120519.5387248374,cold,company_0,BPAT,ai_weighted_high,0.7,0.08767063079491663,0.047780493783229565,545.0
18.46925869725228,108746.8887500514,hot summer,company_0,ERCO,ai_weighted_high,0.7,0.11325349433155096,0.06172315441069528,545.0
14.614574567169102,112201.94559603398,hot summer,company_5,ERCO,ai_weighted_high,0.7,0.08961657124588093,0.048841031329005115,545.0
15.304666598062047,156971.76153558443,hot summer,company_0,PJM,ai_weighted_high,0.7,0.09384821557931647,0.05114727749072748,545.0
51.168909653356664,406752.053241504,hot summer,company_3,PJM,ai_weighted_high,0.7,0.31376775399438306,0.1710034259269388,545.0
34.04008574044622,237677.3878623116,hot,company_5,AZPS,ai_weighted_high,0.7,0.20873380576041622,0.11375992413942686,545.0
44.10757777300005,239026.82375511195,hot,company_5,AZPS,ai_weighted_high,0.7,0.2704676669040363,0.14740487846269978,545.0
66.0796114885571,244593.0226522548,hot summer,company_5,PJM,ai_weighted_high,0.7,0.4052001776478321,0.2208340968180685,545.0
52.16866704866498,210062.85706649648,cold,company_0,BPAT,ai_weighted_high,0.7,0.3198982663424137,0.17434455515661548,545.0
20.834170414374704,115516.19156316044,cold,company_0,BPAT,ai_weighted_high,0.7,0.12775513298094568,0.0696265474746154,545.0
47.972272115196525,213042.63599741232,cold,company_0,BPAT,ai_weighted_high,0.7,0.2941659726103851,0.16032045507265988,545.0
52.41455947319542,231791.70838577708,cold,company_0,BPAT,ai_weighted_high,0.7,0.3214060786896343,0.1751663128858507,545.0
23.474582150111786,222277.4780915476,cold,company_0,BPAT,ai_weighted_high,0.7,0.14394613774448545,0.07845064507074458,545.0
20.311443990640793,208544.1505590209,cold,company_0,BPAT,ai_weighted_high,0.7,0.12454977455060935,0.0678796271300821,545.0
22.20081272814544,221552.68548661325,cold,company_0,BPAT,ai_weighted_high,0.7,0.13613538364898783,0.07419378408869838,545.0
49.41192392736841,239719.93256208883,hot summer,company_5,PJM,ai_weighted_high,0.7,0.3029939175226231,0.1651316850498296,545.0
47.25247519186003,233504.3810426879,cold,company_3,BPAT,ai_weighted_high,0.7,0.28975217787648566,0.15791493694268469,545.0
44.17014814496623,204163.07215763791,cold,company_0,PACW,ai_weighted_high,0.7,0.2708513484249329,0.14761398489158845,545.0
8.966012976629921,125095.1615865374,cold,company_2,PGE,ai_weighted_high,0.7,0.05497959157269467,0.0299638774071186,545.0
22.32351729224688,207291.5327433642,hot summer,company_0,PJM,ai_weighted_high,0.7,0.13688780803605785,0.07460385537965153,545.0
21.202289243401985,168154.71438519226,hot summer,company_0,PJM,ai_weighted_high,0.7,0.13001243764054096,0.07085677851409483,545.0
53.21015231933875,233021.70110695928,hot summer,company_0,PJM,ai_weighted_high,0.7,0.3262846540221852,0.17782513644209094,545.0
50.23551677575477,218514.4692679648,hot summer,company_0,PJM,ai_weighted_high,0.7,0.3080441888689282,0.16788408293356588,545.0
51.29014194445442,212644.6693153047,hot summer,company_0,PJM,ai_weighted_high,0.7,0.3145111504033945,0.17140857696985,545.0
51.12760332104172,223916.10999772247,hot summer,company_0,PJM,ai_weighted_high,0.7,0.3135144635646278,0.17086538264272216,545.0
52.51566806387082,426932.7525838108,hot summer,company_4,DUK,ai_weighted_high,0.7,0.32202607656765586,0.17550421172937244,545.0
35.32389887887919,232709.5674182485,hot summer,company_5,ERCO,ai_weighted_high,0.7,0.2166061479252872,0.11805035061928154,545.0
37.86650660557071,238864.9497297001,hot summer,company_5,ERCO,ai_weighted_high,0.7,0.23219741850535958,0.126547593085421,545.0
34.83381804134069,212996.25817353185,hot summer,company_5,ERCO,ai_weighted_high,0.7,0.2136009722295011,0.11641252986507812,545.0
28.644412641897645,161691.57310691418,hot summer,company_0,PJM,ai_weighted_high,0.7,0.17564753832011634,0.09572790838446342,545.0
22.883320433439746,155533.56665221168,hot summer,company_0,PJM,ai_weighted_high,0.7,0.14032052089785252,0.07647468388932963,545.0
21.23818784902706,149769.1895004221,hot summer,company_0,PJM,ai_weighted_high,0.7,0.13023256789023394,0.0709767495001775,545.0
23.864838428479274,157784.0411255813,hot summer,company_0,PJM,ai_weighted_high,0.7,0.1463391892434349,0.07975485813767202,545.0
61.97577711538621,278383.6607225549,hot summer,company_0,PJM,ai_weighted_high,0.7,0.38003546527154825,0.2071193285729938,545.0
59.839761415650045,252273.3281882312,hot summer,company_0,PJM,ai_weighted_high,0.7,0.3669374170007661,0.19998089226541754,545.0
62.67633378255958,253102.7573287542,cold,company_0,PACW,ai_weighted_high,0.7,0.3843312787546554,0.2094605469212872,545.0
61.947834525417285,244257.9887557469,cold,company_0,PACW,ai_weighted_high,0.7,0.3798641213098588,0.20702594611387307,545.0
42.2068841186953,239376.9453816901,hot summer,company_5,PJM,ai_weighted_high,0.7,0.2588126134158396,0.1410528743116326,545.0
40.56758254845378,260379.19770680307,hot summer,company_5,PJM,ai_weighted_high,0.7,0.24876041618711855,0.13557442682197962,545.0
39.15260714550758,239298.9521761392,hot summer,company_5,PJM,ai_weighted_high,0.7,0.2400837870162525,0.13084566392385763,545.0
41.41539578886527,250894.5779652424,hot summer,company_5,PJM,ai_weighted_high,0.7,0.2539592069773218,0.1384077678026404,545.0
44.175041363719956,244029.28191543603,hot summer,company_5,PJM,ai_weighted_high,0.7,0.27088135364233074,0.14763033773507026,545.0
42.814602659021986,255987.24782182992,hot summer,company_5,PJM,ai_weighted_high,0.7,0.2625391435051228,0.14308383321029194,545.0
39.72259417200507,254170.77631608688,hot summer,company_5,PJM,ai_weighted_high,0.7,0.24357894746273503,0.1327505263671906,545.0
42.727946978067415,262969.24930322374,hot summer,company_5,PJM,ai_weighted_high,0.7,0.2620077708695094,0.14279423512388262,545.0
43.17726407816759,243624.7950143157,hot summer,company_5,PJM,ai_weighted_high,0.7,0.2647629833273236,0.14429582591339138,545.0
16.388436932781577,94704.60031059182,hot summer,company_5,PJM,ai_weighted_high,0.7,0.10049389527181662,0.05476917292314006,545.0
45.73579118851751,233010.1444816668,hot summer,company_5,PJM,ai_weighted_high,0.7,0.28045187156798934,0.1528462700045542,545.0
45.51903138204029,239557.40756406763,hot summer,company_5,PJM,ai_weighted_high,0.7,0.279122700434671,0.15212187173689573,545.0
47.54793294266111,208867.3300537097,hot summer,company_0,PJM,ai_weighted_high,0.7,0.2915639248043979,0.15890233901839687,545.0
51.332088009567876,212759.13332061487,hot summer,company_0,PJM,ai_weighted_high,0.7,0.31476836367467015,0.17154875820269525,545.0
36.29076124629822,196686.75215732591,hot summer,company_0,PJM,ai_weighted_high,0.7,0.22253494796230064,0.12128154663945385,545.0
37.21258680709944,215159.3761545133,hot summer,company_0,PJM,ai_weighted_high,0.7,0.22818758230113378,0.12436223235411792,545.0
53.087086565019874,294173.9115050382,hot summer,company_0,PJM,ai_weighted_high,0.7,0.3255300148167018,0.1774138580751025,545.0
46.95614007685286,281195.0657919065,hot summer,company_0,PJM,ai_weighted_high,0.7,0.2879350509512617,0.15692460276843764,545.0
28.839123586015816,164075.9685941855,hot summer,company_0,PJM,ai_weighted_high,0.7,0.17684150582944896,0.09637862067704969,545.0
37.24458339185462,211488.31880986068,hot summer,company_5,PJM,ai_weighted_high,0.7,0.2283837853588525,0.12446916302057463,545.0
16.552140127254344,121909.7444284758,hot summer,company_5,PJM,ai_weighted_high,0.7,0.10149772326032362,0.05531625917687638,545.0
16.553158194864697,118438.3183821222,hot summer,company_5,PJM,ai_weighted_high,0.7,0.10150396605091032,0.05531966149774613,545.0
19.246264682484547,139724.2880246797,hot summer,company_5,PJM,ai_weighted_high,0.7,0.11801809503299523,0.06431986179298241,545.0
16.598216589086466,134253.37676630137,hot summer,company_5,PJM,ai_weighted_high,0.7,0.1017802641242782,0.05547024394773162,545.0
17.05384101121981,129638.69963908204,hot summer,company_5,PJM,ai_weighted_high,0.7,0.10457415308079987,0.05699291342903593,545.0
16.90734095822283,131819.79607107883,hot summer,company_5,PJM,ai_weighted_high,0.7,0.10367581475582238,0.056503319041923204,545.0
41.65792733631986,169870.59857431462,hot summer,company_5,PJM,ai_weighted_high,0.7,0.25544641042631333,0.1392182936823408,545.0
39.707982550083265,202011.76781655147,hot summer,company_5,PJM,ai_weighted_high,0.7,0.24348934899711058,0.13270169520342529,545.0
15.703099990470296,95613.80061438231,hot summer,company_5,PJM,ai_weighted_high,0.7,0.09629140914156384,0.052478817982152294,545.0
48.48125244618023,442406.6854813076,hot summer,company_5,ERCO,ai_weighted_high,0.7,0.2972870399999771,0.1620214367999875,545.0
19.93311647618114,155443.2496792402,hot summer,company_0,PJM,ai_weighted_high,0.7,0.12222987023194275,0.0666152792764088,545.0
19.68243440421553,153607.56923802535,hot summer,company_0,PJM,ai_weighted_high,0.7,0.12069268776664963,0.06577751483282405,545.0
18.229094571546156,151679.13018209348,hot summer,company_0,PJM,ai_weighted_high,0.7,0.11178080791272103,0.06092054031243297,545.0
56.266331756613155,201700.01821782425,hot summer,company_0,PJM,ai_weighted_high,0.7,0.34502514633155185,0.18803870475069576,545.0
45.72162595631469,214950.417749928,hot summer,company_0,PJM,ai_weighted_high,0.7,0.28036501036412165,0.1527989306484463,545.0
41.72826486042865,308536.545400298,hot summer,company_3,ERCO,ai_weighted_high,0.7,0.2558777201241485,0.13945335746766094,545.0
37.09077692776829,308014.4112660164,hot summer,company_3,ERCO,ai_weighted_high,0.7,0.22744064412107515,0.12395515104598596,545.0
29.543972369254142,496643.2924127061,cold,company_4,PNM,ai_weighted_high,0.7,0.1811636385682664,0.0987341830197052,545.0
31.905428097204698,506708.3924127892,cold,company_4,PNM,ai_weighted_high,0.7,0.1956440850920592,0.10662602637517227,545.0
20.236804119388392,147330.562642996,cold,company_4,PNM,ai_weighted_high,0.7,0.1240920828600896,0.06763018515874884,545.0
28.627439314668848,516729.5400774091,cold,company_4,PNM,ai_weighted_high,0.7,0.17554345787754938,0.09567118454326443,545.0
29.175775629590397,461281.67298264,cold,company_4,PNM,ai_weighted_high,0.7,0.1789058561606483,0.09750369160755333,545.0
31.28611905196605,485166.4049248318,cold,company_4,PNM,ai_weighted_high,0.7,0.1918464820266558,0.10455633270452742,545.0
29.152986966532872,475995.9196274147,cold,company_4,PNM,ai_weighted_high,0.7,0.17876611607877957,0.09742753326293488,545.0
42.819611536473985,522091.59524691984,hot summer,company_4,SOCO,ai_weighted_high,0.7,0.2625698579416585,0.14310057257820388,545.0
42.45766366090886,496049.8025355253,hot summer,company_4,SOCO,ai_weighted_high,0.7,0.2603503935686931,0.14189096449493777,545.0
40.98101323220419,489327.9732513145,hot summer,company_4,SOCO,ai_weighted_high,0.7,0.25129557313987605,0.13695608736123246,545.0
46.90213568260354,474697.3906184958,hot summer,company_4,SOCO,ai_weighted_high,0.7,0.2876038960057249,0.15674412332312007,545.0
78.04252951125758,261418.2924259128,hot summer,company_3,SWPP,ai_weighted_high,0.7,0.47855679096303155,0.2608134510748522,545.0
90.64707734380622,884984.7498183814,hot summer,company_4,SWPP,ai_weighted_high,0.7,0.5558478782722197,0.30293709365835975,545.0
91.62013022639452,742712.7647859709,hot summer,company_4,SWPP,ai_weighted_high,0.7,0.5618146385482512,0.3061889780087969,545.0
48.761236256539,486461.0166067326,hot,company_4,SRP,ai_weighted_high,0.7,0.2990039007250971,0.1629571258951779,545.0
52.57933606479592,402155.80640063225,hot summer,company_4,PJM,ai_weighted_high,0.7,0.32241648874932854,0.17571698636838406,545.0
38.74527220250343,240886.637433696,hot,company_5,AZPS,ai_weighted_high,0.7,0.237586009145751,0.1294843749844343,545.0
60.16874512020315,516806.163378152,hot summer,company_4,PJM,ai_weighted_high,0.7,0.36895474507708576,0.20108033606701176,545.0
51.703252077866644,470808.74626997806,hot summer,company_4,PJM,ai_weighted_high,0.7,0.3170443417414782,0.17278916624910565,545.0
52.61292708555508,397682.4265079607,hot summer,company_4,PJM,ai_weighted_high,0.7,0.3226224688886238,0.17582924554429996,545.0
2.8442031217982797,29473.35134838377,hot summer,company_0,ERCO,ai_weighted_high,0.7,0.01744065354286705,0.009505156180862543,545.0
37.68572844084413,512909.1871865606,hot summer,company_4,PJM,ai_weighted_high,0.7,0.2310888867992562,0.12594344330559465,545.0
37.41659022334406,389320.05053381465,hot summer,company_4,PJM,ai_weighted_high,0.7,0.22943853124954575,0.12504399953100245,545.0
37.0747464643225,448778.3655033492,hot summer,company_4,PJM,ai_weighted_high,0.7,0.22734234531922554,0.12390157819897793,545.0
41.709951409204876,494226.6367447831,hot summer,company_4,PJM,ai_weighted_high,0.7,0.2557654220412443,0.13939215501247815,545.0
51.45108839582413,217310.1668305409,cold,company_0,PACW,ai_weighted_high,0.7,0.3154980740431935,0.17194645035354048,545.0
47.25061407956088,229414.0389969261,cold,company_0,PACW,ai_weighted_high,0.7,0.2897407655358673,0.1579087172170477,545.0
52.74431407656852,221828.93281025148,cold,company_0,PACW,ai_weighted_high,0.7,0.3234281339175181,0.17626833298504738,545.0
66.9371252641102,246638.8913680646,hot summer,company_0,PJM,ai_weighted_high,0.7,0.41045845211952364,0.2236998564051404,545.0
63.639943105938,236168.4261407291,hot summer,company_0,PJM,ai_weighted_high,0.7,0.39024013112561184,0.21268087146345846,545.0
37.2790740206919,406320.4764584975,hot summer,company_0,PJM,ai_weighted_high,0.7,0.2285952818948827,0.12458442863271109,545.0
29.52536038657053,150444.13825510867,hot summer,company_0,PJM,ai_weighted_high,0.7,0.1810495098904505,0.09867198289029552,545.0
32.17466423471961,150104.4696893471,hot summer,company_0,PJM,ai_weighted_high,0.7,0.19729504108730062,0.10752579739257884,545.0
31.13314715777129,159806.99930311998,hot summer,company_0,PJM,ai_weighted_high,0.7,0.19090845837145354,0.10404510981244218,545.0
24.743528429176692,161584.67808614284,hot summer,company_0,PJM,ai_weighted_high,0.7,0.15172731632771147,0.08269138739860275,545.0
31.429899273069815,148917.29691057044,hot summer,company_0,PJM,ai_weighted_high,0.7,0.19272814234246408,0.10503683757664294,545.0
48.09267659178514,257398.97840883688,hot summer,company_0,PJM,ai_weighted_high,0.7,0.2949042928608265,0.16072283960915043,545.0
50.279835487862215,257754.1190285648,hot summer,company_0,PJM,ai_weighted_high,0.7,0.3083159512115711,0.16803219341030629,545.0
42.257084456239085,264566.019169638,hot summer,company_0,PJM,ai_weighted_high,0.7,0.2591204418856581,0.14122064082768365,545.0
19.138775474739173,147869.9717393834,hot summer,company_0,PJM,ai_weighted_high,0.7,0.1173589712111006,0.06396063931004983,545.0
19.91723150797834,133081.36409952756,hot summer,company_0,PJM,ai_weighted_high,0.7,0.12213246360692316,0.06656219266577312,545.0
30.26153448334786,271436.80807384057,hot summer,company_0,PJM,ai_weighted_high,0.7,0.18556372945188906,0.10113223255127955,545.0
32.727628634399665,266557.8075648185,hot summer,company_0,PJM,ai_weighted_high,0.7,0.20068581878613875,0.10937377123844563,545.0
14.983626269222608,335462.29062189,hot summer,company_2,ERCO,ai_weighted_high,0.7,0.09187959628287302,0.0500743799741658,545.0
18.34717312432093,209923.2653184445,hot summer,company_2,PJM,ai_weighted_high,0.7,0.11250486559833593,0.06131515175109309,545.0
36.54690505791845,356446.4657974896,cold,company_1,PACW,ai_weighted_high,0.7,0.22410562181515592,0.12213756388925999,545.0
25.950765073542865,286822.150098718,cold,company_1,PACW,ai_weighted_high,0.7,0.15913009143096482,0.08672589982987583,545.0
37.447525745690044,216015.6476994818,hot summer,company_5,MISO,ai_weighted_high,0.7,0.22962822787257137,0.1251473841905514,545.0
42.690273360549725,236870.6144913318,hot summer,company_5,MISO,ai_weighted_high,0.7,0.2617767562468909,0.14266833215455554,545.0
40.36458486960637,245356.9891750526,hot summer,company_5,MISO,ai_weighted_high,0.7,0.2475156344204262,0.1348960207591323,545.0
38.36404632598187,227757.98173970668,hot summer,company_5,MISO,ai_weighted_high,0.7,0.23524833207092077,0.12821034097865183,545.0
41.27609657413368,235160.34620735075,hot summer,company_5,MISO,ai_weighted_high,0.7,0.25310502419258774,0.13794223818496032,545.0
16.29819416659362,103891.83284993794,hot summer,company_5,PJM,ai_weighted_high,0.7,0.09994052662955208,0.05446758701310589,545.0
48.916483751462934,241812.3772248852,hot summer,company_0,PJM,ai_weighted_high,0.7,0.29995587836397064,0.163475953708364,545.0
50.60593416787175,230292.4623246221,hot summer,company_0,PJM,ai_weighted_high,0.7,0.3103155883173896,0.16912199563297733,545.0
49.45836160402558,233987.10604493573,hot summer,company_0,PJM,ai_weighted_high,0.7,0.3032786733558849,0.16528687697895728,545.0
50.71616204025149,227938.3927044756,hot summer,company_0,PJM,ai_weighted_high,0.7,0.3109915056308221,0.16949037056879807,545.0
52.09948858762229,207580.43051661048,hot summer,company_0,PJM,ai_weighted_high,0.7,0.31947406401929984,0.17411336489051843,545.0
54.42906418899882,214230.2770709225,hot summer,company_0,PJM,ai_weighted_high,0.7,0.33375902160694076,0.18189866677578273,545.0
14.192634332282768,108605.97879924472,hot summer,company_5,ERCO,ai_weighted_high,0.7,0.08702923372555793,0.04743093238042908,545.0
33.48501869076763,131445.10533775637,hot summer,company_0,PJM,ai_weighted_high,0.7,0.2053301346117871,0.11190492336342397,545.0
45.50774605634822,274977.48195959657,hot summer,company_0,PJM,ai_weighted_high,0.7,0.2790534988175273,0.15208415685555238,545.0
50.04720288605175,262321.5361442119,hot summer,company_0,PJM,ai_weighted_high,0.7,0.30688944809726937,0.1672547492130118,545.0
51.91336819199818,260536.02888729447,hot summer,company_0,PJM,ai_weighted_high,0.7,0.31833277375333285,0.17349136169556642,545.0
30.683069069784057,269242.4795866454,hot summer,company_0,PJM,ai_weighted_high,0.7,0.18814857953591585,0.10254097584707414,545.0
48.85979384841136,220247.0708678047,cold,company_0,BPAT,ai_weighted_high,0.7,0.29960825587845846,0.16328649945375986,545.0
39.92411916034033,211119.6137174449,cold,company_0,PACW,ai_weighted_high,0.7,0.24481469869120692,0.1334240107867078,545.0
49.1868283669665,222172.9629353246,cold,company_0,BPAT,ai_weighted_high,0.7,0.30161363154623855,0.16437942919270002,545.0
48.94384733376613,198648.83506020103,cold,company_0,BPAT,ai_weighted_high,0.7,0.30012367185065386,0.16356740115860638,545.0
2.102887884354922,37108.68409249967,hot summer,company_0,PJM,ai_weighted_high,0.7,0.012894908506864382,0.007027725136241089,545.0
30.79808503864292,267710.31635358895,hot summer,company_0,PJM,ai_weighted_high,0.7,0.18885385745695835,0.1029253523140423,545.0
34.077931576030856,255975.89628891813,hot summer,company_0,PJM,ai_weighted_high,0.7,0.20896587642422118,0.11388640265120055,545.0
33.72689045011075,213944.74573891165,hot summer,company_0,PJM,ai_weighted_high,0.7,0.2068132922400791,0.11271324427084312,545.0
12.289147944704261,234942.29577431572,hot summer,company_0,PJM,ai_weighted_high,0.7,0.07535705519692652,0.04106959508232496,545.0
78.71933607795813,303398.3917785001,hot summer,company_3,PJM,ai_weighted_high,0.7,0.4827069688300392,0.2630752980123714,545.0
72.8245494661811,287318.91902157664,hot summer,company_3,SWPP,ai_weighted_high,0.7,0.4465601373266225,0.24337527484300928,545.0
62.841506657169965,277551.1969576037,hot summer,company_3,SWPP,ai_weighted_high,0.7,0.3853441188217662,0.2100125447578626,545.0
63.72266416250084,299948.3814681757,hot summer,company_3,SWPP,ai_weighted_high,0.7,0.3907473766444552,0.2129573202712281,545.0
104.62845322501808,906895.8465444904,hot summer,company_3,MISO,ai_weighted_high,0.7,0.6415816751758108,0.3496620129708169,545.0
103.93794980250857,892393.8577745492,hot summer,company_3,MISO,ai_weighted_high,0.7,0.6373475081889824,0.34735439196299545,545.0
25.18861258291736,110660.22495885658,hot summer,company_3,MISO,ai_weighted_high,0.7,0.15445657235844926,0.08417883193535484,545.0
65.94349974886065,293635.6418066753,hot summer,company_3,MISO,ai_weighted_high,0.7,0.4043655404600135,0.22037921955070738,545.0
69.74702270222673,266753.88172692794,hot summer,company_3,MISO,ai_weighted_high,0.7,0.42768874321005423,0.23309036504947958,545.0
58.725939983213394,265887.0944922129,cold,company_5,DOPD,ai_weighted_high,0.7,0.36010746397706445,0.19625856786750015,545.0
31.08565952994622,215016.8471053953,cold,company_5,GCPD,ai_weighted_high,0.7,0.19061726423763023,0.10388640900950848,545.0
29.952060246227468,249509.24823533543,cold,company_5,GCPD,ai_weighted_high,0.7,0.18366603342986684,0.10009798821927744,545.0
27.43457534672585,101055.0873360131,cold,company_5,GCPD,ai_weighted_high,0.7,0.16822881602612288,0.09168470473423698,545.0
5.320049036222526,39806.57377625922,cold,company_5,GCPD,ai_weighted_high,0.7,0.03262254069011653,0.017779284676113512,545.0
5.251121283171997,43773.93205467986,cold,company_5,GCPD,ai_weighted_high,0.7,0.03219987570841069,0.017548932261083824,545.0
13.120297524378106,30598.70417152811,cold,company_5,GCPD,ai_weighted_high,0.7,0.08045366441948654,0.04384724710862017,545.0
10.744337720561779,69868.27854151303,cold,company_5,GCPD,ai_weighted_high,0.7,0.06588427890248483,0.035906932001854235,545.0
10.096577914359422,73861.55658705783,cold,company_5,GCPD,ai_weighted_high,0.7,0.061912215770851965,0.03374215759511432,545.0
10.429894087606721,70399.79677031713,cold,company_5,GCPD,ai_weighted_high,0.7,0.0639561105452044,0.034856080247136406,545.0
9.9295183886641,70526.05616511658,cold,company_5,GCPD,ai_weighted_high,0.7,0.06088780675928826,0.0331838546838121,545.0
10.249462551702242,68727.35725725151,cold,company_5,GCPD,ai_weighted_high,0.7,0.06284970436703814,0.03425308888003579,545.0
10.020354642836509,69800.69031697627,cold,company_5,GCPD,ai_weighted_high,0.7,0.06144481466987347,0.03348742399508104,545.0
10.134900687805274,71077.3061911222,cold,company_5,GCPD,ai_weighted_high,0.7,0.06214721101762193,0.03387023000460396,545.0
24.926695090089858,100594.07384038856,cold,company_5,GCPD,ai_weighted_high,0.7,0.152850494292431,0.0833035193893749,545.0
23.216058208436415,102584.98017841858,cold,company_5,GCPD,ai_weighted_high,0.7,0.14236086893413208,0.07758667356910198,545.0
40.108230353842856,155574.48070517034,cold,company_5,GCPD,ai_weighted_high,0.7,0.2459436685297644,0.1340392993487216,545.0
34.48314664654368,151281.49078595958,cold,company_5,GCPD,ai_weighted_high,0.7,0.2114506552366058,0.11524060710395018,545.0
45.473621967594035,188252.15830464955,cold,company_5,GCPD,ai_weighted_high,0.7,0.2788442499052866,0.15197011619838122,545.0
32.01006053113976,468431.3540337302,hot summer,company_4,MISO,ai_weighted_high,0.7,0.196285691176949,0.1069757016914372,545.0
31.45566186678636,504620.0262929694,hot summer,company_4,MISO,ai_weighted_high,0.7,0.19288611856713397,0.10512293461908802,545.0
31.2021866078873,463153.7196086372,hot summer,company_4,MISO,ai_weighted_high,0.7,0.1913318082795649,0.10427583551236287,545.0
31.208579648565877,457476.347535425,hot summer,company_4,MISO,ai_weighted_high,0.7,0.19137101040500598,0.10429720067072827,545.0
30.23942895979419,474602.3634947955,hot summer,company_4,MISO,ai_weighted_high,0.7,0.18542817838145795,0.10105835721789459,545.0
28.900502863210026,447008.23972604674,hot summer,company_4,MISO,ai_weighted_high,0.7,0.17721788355720386,0.09658374653867612,545.0
40.4968555060673,612247.5826714342,hot summer,company_4,MISO,ai_weighted_high,0.7,0.24832671796320466,0.13533806128994655,545.0
29.23348057612306,429989.2853004107,hot summer,company_4,MISO,ai_weighted_high,0.7,0.1792597028927866,0.0976965380765687,545.0
31.733213628043433,494185.1574771527,hot summer,company_4,MISO,ai_weighted_high,0.7,0.19458806596716233,0.10605049595210347,545.0
30.035474279289218,341892.37795629783,cold,company_4,PACW,ai_weighted_high,0.7,0.1841775282806015,0.10037675291292782,545.0
38.67875218506512,493943.2850712439,cold,company_4,PACW,ai_weighted_high,0.7,0.2371781083988193,0.12926206907735655,545.0
39.69564416809256,472110.54713877407,cold,company_4,PACW,ai_weighted_high,0.7,0.24341369003874352,0.13266046107111523,545.0
41.17690691612476,487473.175000408,cold,company_4,PACW,ai_weighted_high,0.7,0.252496793209677,0.13761075229927397,545.0
39.206799213432824,472823.326462908,cold,company_4,PACW,ai_weighted_high,0.7,0.24041609277677006,0.1310267705633397,545.0
38.68536213912151,408580.329795038,cold,company_4,PACW,ai_weighted_high,0.7,0.23721864063709308,0.12928415914721575,545.0
40.83550791388908,421209.5182484467,cold,company_4,PACW,ai_weighted_high,0.7,0.25040333452796787,0.1364698173177425,545.0
40.83808863444711,435941.5820018472,cold,company_4,PACW,ai_weighted_high,0.7,0.2504191595064297,0.1364784419310042,545.0
39.32133844550534,450587.0486297438,cold,company_4,PACW,ai_weighted_high,0.7,0.24111844734783874,0.13140955380457212,545.0
29.54532423451927,379576.6918786788,hot summer,company_4,DUK,ai_weighted_high,0.7,0.18117192820607217,0.09873870087230933,545.0
40.81203323780653,467400.7125310285,hot summer,company_4,TVA,ai_weighted_high,0.7,0.25025938781422963,0.13639136635875515,545.0
37.42287117835572,504669.1691119269,hot summer,company_4,TVA,ai_weighted_high,0.7,0.22947704606567726,0.1250649901057941,545.0
18.752405435056158,165503.70678176143,hot summer,company_4,TVA,ai_weighted_high,0.7,0.11498975012776434,0.06266941381963158,545.0
48.61837392622855,470170.6932774453,hot summer,company_4,PJM,ai_weighted_high,0.7,0.2981278689156335,0.16247968855902026,545.0
49.891722230706954,488075.1462077341,hot summer,company_4,PJM,ai_weighted_high,0.7,0.305936040718695,0.1667351421916888,545.0
51.213880774793495,476919.1688472274,hot summer,company_4,PJM,ai_weighted_high,0.7,0.31404351691103366,0.17115371671651336,545.0
54.15003388395819,466207.88485959166,hot summer,company_4,PJM,ai_weighted_high,0.7,0.33204800777643156,0.1809661642381552,545.0
52.59251413231676,447066.9785550327,cold,company_4,PACE,ai_weighted_high,0.7,0.32249729665936633,0.17576102667935467,545.0
50.02664402904593,563184.9180592597,cold,company_4,PACE,ai_weighted_high,0.7,0.30676338118610963,0.16718604274642976,545.0
50.3819791600447,476265.0277792015,cold,company_4,PACE,ai_weighted_high,0.7,0.3089422962093941,0.1683735514341198,545.0
47.90205425335134,531860.9785236786,cold,company_4,PACE,ai_weighted_high,0.7,0.29373539668155035,0.16008579119144495,545.0
201.53299061626817,1434532.2530616622,hot summer,company_3,SWPP,ai_weighted_high,0.7,1.2358002984589564,0.6735111626601313,545.0
79.52332277558688,534898.1572779141,hot summer,company_3,SWPP,ai_weighted_high,0.7,0.4876370152598987,0.2657621733166448,545.0
102.48732431156569,689099.1199134763,hot summer,company_3,SWPP,ai_weighted_high,0.7,0.6284522726785208,0.3425064886097938,545.0
67.68169603310939,434706.5074675889,hot summer,company_3,SWPP,ai_weighted_high,0.7,0.41502416007502674,0.22618816724088958,545.0
20.695783535285493,135970.5352163356,hot summer,company_3,SWPP,ai_weighted_high,0.7,0.12690654463837062,0.06916406682791199,545.0
21.71788965871948,135823.5662488562,hot summer,company_3,SWPP,ai_weighted_high,0.7,0.13317409938726785,0.07257988416606098,545.0
50.15569013495031,310201.162401196,hot summer,company_3,SWPP,ai_weighted_high,0.7,0.3075546919075153,0.16761730708959585,545.0
51.44284313060528,398078.802005507,cold,company_1,NEVP,ai_weighted_high,0.7,0.31544751407687155,0.17191889517189501,545.0
52.170124066713754,422985.4665257135,cold,company_1,NEVP,ai_weighted_high,0.7,0.3199072007770887,0.17434942442351334,545.0
9.883650495110212,20290.60998898013,hot summer,company_1,DUK,ai_weighted_high,0.7,0.06060654483601581,0.03303056693562862,545.0
50.99497685155956,239580.13811403647,hot summer,company_1,DUK,ai_weighted_high,0.7,0.3127011980537632,0.17042215293930094,545.0
50.46168015377903,261249.60762762613,hot summer,company_1,DUK,ai_weighted_high,0.7,0.309431022702973,0.16863990737312032,545.0
17.229914253740798,123987.41083015827,cold,company_1,CISO,ai_weighted_high,0.7,0.10565383420393856,0.05758133964114652,545.0
19.392314822122138,102518.50822258556,cold,company_3,BPAT,ai_weighted_high,0.7,0.11891367448925294,0.06480795259664286,545.0
50.49173077697194,169803.5658707349,cold,company_3,BPAT,ai_weighted_high,0.7,0.30961529312439195,0.16874033475279362,545.0
20.674251748116937,145781.49918079298,hot summer,company_3,SCEG,ai_weighted_high,0.7,0.12677451171945306,0.06909210888710192,545.0
32.45338912594997,247588.89286866624,hot summer,company_3,SCEG,ai_weighted_high,0.7,0.19900418212032522,0.10845727925557726,545.0
31.709235850154826,377505.98009328113,hot summer,company_3,SCEG,ai_weighted_high,0.7,0.19444103423314937,0.10597036365706641,545.0
22.34366812998373,206218.09962217195,hot summer,company_3,SCEG,ai_weighted_high,0.7,0.1370113729730602,0.07467119827031782,545.0
38.7960514601768,165867.9775209859,hot summer,company_3,SCEG,ai_weighted_high,0.7,0.23789738755380413,0.12965407621682326,545.0
42.103585460369445,173455.7654175762,hot summer,company_3,SCEG,ai_weighted_high,0.7,0.25817918604298545,0.14070765639342708,545.0
50.89222467190779,172834.21193892433,hot summer,company_3,SCEG,ai_weighted_high,0.7,0.3120711216881385,0.1700787613200355,545.0
44.76120697876904,169367.3158526496,hot summer,company_3,SCEG,ai_weighted_high,0.7,0.27447572119381175,0.14958926805062742,545.0
48.39180722500043,463965.1221948903,hot,company_4,SRP,ai_weighted_high,0.7,0.2967385619037026,0.16172251623751793,545.0
48.312572838866274,524620.2260242646,hot,company_4,SRP,ai_weighted_high,0.7,0.29625269664792797,0.16145771967312075,545.0
48.91856204878348,419954.7519290227,hot,company_4,SRP,ai_weighted_high,0.7,0.29996862248314027,0.16348289925331147,545.0
45.07453298855181,529885.1441261551,hot,company_4,SRP,ai_weighted_high,0.7,0.2763970362857997,0.15063638477576086,545.0
39.28339124296136,824423.4298113529,hot summer,company_3,SOCO,ai_weighted_high,0.7,0.24088575510183902,0.13128273653050226,545.0
19.40631126782038,287837.0662710346,hot summer,company_0,PJM,ai_weighted_high,0.7,0.11899950069427456,0.06485472787837965,545.0
20.323658341957465,295130.9301577647,hot summer,company_0,PJM,ai_weighted_high,0.7,0.12462467295288318,0.06792044675932134,545.0
51.29166493071586,447929.3263228014,hot summer,company_0,PJM,ai_weighted_high,0.7,0.31452048935514965,0.17141366669855657,545.0
55.160686520293865,337576.4713072692,hot summer,company_0,PJM,ai_weighted_high,0.7,0.3382453297424419,0.18434370470963085,545.0
166.9314833087209,220000.0,hot summer,company_5,PJM,ai_weighted_high,0.7,1.0236238556490764,0.5578750013287467,545.0
58.770321547289996,220000.0,hot summer,company_3,TVA,ai_weighted_high,0.7,0.3603796117279822,0.19640688839175033,545.0
72.2468686200956,220000.0,hot summer,company_3,PJM,ai_weighted_high,0.7,0.4430177983784262,0.2414447001162423,545.0
37.082761696045395,135900.12390153698,hot summer,company_0,PJM,ai_weighted_high,0.7,0.22739149472015033,0.12392836462248194,545.0
37.082761696045395,209025.2960172565,hot summer,company_0,PJM,ai_weighted_high,0.7,0.22739149472015033,0.12392836462248194,545.0
37.082761696045395,248645.4054429332,hot summer,company_0,PJM,ai_weighted_high,0.7,0.22739149472015033,0.12392836462248194,545.0
18.157320051974306,220000.0,cold,company_5,PSEI,ai_weighted_high,0.7,0.11134068655870644,0.06068067417449501,545.0
19.698761492681598,220000.0,hot summer,company_3,PJM,ai_weighted_high,0.7,0.12079280547312354,0.06583207898285233,545.0
46.110265873008686,220000.0,cold,company_3,NEVP,ai_weighted_high,0.7,0.2827481503332892,0.15409774193164263,545.0
37.082761696045395,1596.539947806019,hot summer,company_2,PJM,ai_weighted_high,0.7,0.22739149472015033,0.12392836462248194,545.0
9.025400997027669,220000.0,hot summer,company_2,SOCO,ai_weighted_high,0.7,0.05534375891377366,0.030162348608006647,545.0
37.082761696045395,570073.3359534875,cold,company_0,CISO,ai_weighted_high,0.7,0.22739149472015033,0.12392836462248194,545.0
27.43121600120463,167412.89183562773,hot summer,Synthetic added facility 1,PJM,ai_weighted_high,0.7,0.16820821651938678,0.0916734780030658,545.0
43.56597923631668,470170.6932774453,hot summer,Synthetic added facility 2,PJM,ai_weighted_high,0.7,0.26714658467709385,0.14559488864901615,545.0
22.551177054493916,286822.150098718,cold,Synthetic added facility 3,PACW,ai_weighted_high,0.7,0.1382838176981567,0.07536468064549541,545.0
