Plant latitude,Plant longitude,Plant annual net generation (MWh),Plant primary fuel category
38.176167,-99.099984,-311799.999,OIL
44.8047,-95.557,-107000.001,OIL
41.4931,-88.1153,-62183.0,GAS
37.6461,-87.5019,-45397.0,OFSL
36.1319,-96.0181,-20584.0,BIOMASS
39.1364,-108.7347,-6609.0,GAS
34.0128,-85.9708,-3822.0,GAS
39.341622,-101.705188,-3007.999,GAS
25.4756,-80.47,-2113.997,OIL
40.6806,-95.8475,-1023.001,GAS
40.6661,-95.868333,-741.999,GAS
41.2583,-70.0517,-724.0,OIL
39.1992,-96.3086,-638.998,GAS
40.106931,-88.599867,-565.002,GAS
44.5431,-93.5731,-465.001,GAS
34.9944,-78.1583,-424.0,OIL
34.5739,-82.4621,-415.0,BIOMASS
40.6756,-96.177778,-411.0,GAS
39.904922,-95.803367,-384.002,GAS
41.166928,-80.74769,-376.0,OIL
43.8264,-83.2383,-360.0,OIL
38.2844,-104.5308,-339.0,OIL
38.0492,-103.7136,-322.0,OIL
42.893333,-97.353333,-311.0,0
42.1697,-92.0222,-308.0,GAS
42.0272,-93.5828,-306.0,OIL
41.8508,-87.6533,-301.0,OIL
42.2739,-83.1119,-293.0,OIL
41.2108,-73.1075,-273.0,OIL
46.8661,-96.7464,-242.0,OIL
42.1225,-83.185,-239.0,OIL
41.359491,-93.563268,-216.0,OIL
45.8475,-87.0036,-207.0,OIL
42.1817,-92.4663,-189.0,OIL
38.2667,-104.6144,-182.0,OIL
42.07,-90.66,-179.0,OIL
42.035556,-90.665,-176.002,GAS
24.710833,-81.0927,-174.0,OIL
44.0501,-94.4178,-172.999,OIL
37.678454,-96.97193,-168.0,GAS
42.7106,-83.4569,-160.0,OIL
39.43619,-99.27793,-157.999,OIL
38.0794,-84.5194,-154.0,GAS
42.792645,-86.103583,-152.0,OIL
42.1925,-92.4747,-137.0,OIL
45.036685,-99.120186,-132.0,OIL
43.0147,-89.4603,-129.0,GAS
44.876484,-97.732102,-125.0,OIL
39.4244,-92.4837,-122.0,OIL
35.3017,-81.2092,-121.002,OIL
42.8067,-86.0558,-90.999,GAS
42.1926,-92.4636,-88.0,OIL
29.0213,-80.9949,-87.0,OIL
45.836675,-90.97352,-84.0,OIL
38.327778,-75.217222,-81.001,OIL
37.4903,-120.9044,-76.0,GAS
35.7736,-80.2594,-76.0,OIL
33.453611,-79.316111,-59.0,BIOMASS
35.541982,-80.612301,-59.0,OIL
40.658333,-73.640556,-56.001,GAS
34.8986,-81.7397,-56.001,OIL
35.483274,-80.856916,-53.0,OIL
38.633183,-95.827658,-49.001,GAS
40.3664,-96.19,-49.0,GAS
35.7972,-80.8542,-48.0,OIL
35.924393,-79.990124,-48.0,OIL
32.0411,-81.145,-47.0,OIL
35.383222,-80.832879,-47.0,OIL
35.798462,-80.942709,-46.0,OIL
35.3036,-81.5225,-45.0,OIL
41.9067,-95.0347,-41.001,OIL
42.7108,-83.4561,-38.0,OIL
35.729,-81.748075,-38.0,OIL
35.7208,-81.66243,-33.0,OIL
43.1133,-89.3128,-28.0,GAS
35.830877,-80.242154,-27.0,OIL
35.0767,-80.8816,-24.0,OIL
47.6785,-104.15665,-24.0,GAS
35.3619,-81.8344,-11.0,OIL
35.7481,-81.6072,-9.0,OIL
45.779189,-92.678047,-2.001,OIL
45.654835,-92.465063,-2.0,OIL
41.12055,-83.97062,0.0,GAS
43.07,-89.4006,0.0,GAS
39.7283,-75.6289,0.0,OIL
35.2089,-97.4424,0.0,GAS
44.3274,-71.68,0.0,BIOMASS
40.048889,-86.8992,0.0,COAL
45.0688,-83.8932,0.0,GAS
33.568164,-86.79873,0.0,GAS
34.605,-79.785,0.0,BIOMASS
31.844708,-83.940734,0.0,COAL
32.8458,-90.4211,0.0,0
44.3953,-89.826,0.0,BIOMASS
34.0564,-118.2436,0.0,GAS
36.571485,-119.419176,0.0,BIOMASS
36.5489,-82.5667,0.0,GAS
29.97876,-93.952294,0.0,GAS
44.546503,-70.544286,0.0,GAS
40.7995,-124.2028,0.0,GAS
39.600408,-75.626811,0.0,OIL
34.2338,-80.6558,0.0,GAS
47.522428,-92.540951,0.0,COAL
33.78856,-118.229392,0.0,GAS
39.95,-83.015833,0.98,OIL
40.476742,-93.010018,0.998,OIL
43.9719,-74.1861,1.0,OIL
42.393622,-71.046617,1.0,OIL
33.489767,-80.870272,1.0,GAS
44.525887,-94.718812,1.0,OIL
41.503889,-94.3172,1.0,OIL
37.7881,-90.4336,1.0,OIL
40.598839,-98.38863,1.0,GAS
40.327952,-98.450252,2.0,OIL
42.276,-96.7292,2.0,GAS
37.227778,-96.989722,2.0,OIL
32.3103,-90.859867,2.0,GAS
40.840648,-73.848367,2.0,OIL
32.55078,-88.60669,2.0,OIL
41.145634,-102.977836,2.001,GAS
41.7697,-88.28,2.001,GAS
35.7766,-81.6643,3.0,OIL
39.9294,-83.012,3.92,OIL
37.7036,-77.6639,3.996,OIL
36.2039,-97.0739,4.0,OIL
40.06084,-111.73023,4.0,GAS
41.641588,-99.3698,4.0,OIL
41.68138,-98.36756,4.0,OIL
38.760695,-77.62089,4.0,OIL
39.952367,-83.014425,4.9,OIL
44.106888,-94.219697,4.999,OIL
41.092589,-102.471547,5.0,OIL
45.676389,-94.801944,5.0,OIL
41.829754,-97.456275,5.0,GAS
40.387242,-86.939136,5.0,OIL
40.968929,-73.886589,5.0,OIL
33.7036,-84.1494,5.88,OIL
43.3744,-92.1331,5.88,OIL
40.0244,-92.4896,6.0,OIL
29.26514,-94.832945,6.0,GAS
37.2758,-97.1636,6.0,OIL
42.430539,-97.090814,6.001,GAS
43.507,-90.669,7.0,OIL
40.7551,-86.0575,7.0,OIL
42.0296,-94.3699,7.0,OIL
35.477415,-81.262259,7.0,OIL
38.032717,-102.073659,7.001,OIL
39.961419,-83.049072,7.84,OIL
42.7019,-89.8697,8.0,OIL
40.4578,-92.181,8.0,OIL
41.061194,-75.058242,8.0,OIL
42.021667,-95.363333,8.0,OIL
39.69755,-92.053456,8.0,OIL
39.716944,-92.945833,8.0,OIL
36.1438,-97.0681,8.001,OIL
40.4797,-96.9604,9.0,OIL
37.9953,-98.7602,9.0,OIL
42.2691,-96.8621,9.001,OIL
43.7217,-82.9388,9.798,OIL
42.9828,-90.6558,9.998,OIL
42.282807,-94.288965,10.0,OIL
42.0507,-90.3942,10.0,GAS
44.0399,-95.4429,10.0,OIL
37.1517,-98.0311,10.001,GAS
41.981111,-87.719167,10.78,GAS
32.9192,-96.9894,10.998,OIL
40.928827,-73.898015,11.0,OIL
45.370922,-86.930822,11.0,OIL
43.023733,-91.174927,11.0,OIL
39.3582,-99.8417,11.762,OIL
39.761513,-86.501588,12.0,OIL
34.679444,-82.840278,12.0,GAS
43.828415,-94.436908,12.0,OIL
40.902825,-73.868738,12.0,OIL
36.7589,-76.4961,12.0,BIOMASS
37.56681,-95.237499,12.001,OIL
40.5553,-76.3886,12.006,OIL
41.289185,-99.386336,13.0,GAS
40.0892,-98.9508,13.0,GAS
43.5722,-90.6391,13.0,OIL
40.89952,-73.27093,13.999,OIL
45.220717,-96.616781,14.0,OIL
43.429444,-96.169166,14.0,OIL
35.2747,-81.1383,14.0,OIL
41.109042,-73.862594,14.0,OIL
43.0489,-92.9468,14.0,OIL
44.8244,-93.1139,14.0,OIL
41.691389,-72.768611,14.699,GAS
43.7395,-90.2675,14.999,OIL
42.658653,-84.095181,15.0,OIL
44.239539,-94.976262,15.0,OIL
41.1055,-72.3758,15.0,OIL
41.83442,-87.628465,15.68,GAS
42.490556,-90.745,15.68,OIL
37.178979,-104.487492,15.998,GAS
40.4535,-88.9605,15.999,OIL
44.2718,-92.9848,15.999,OIL
46.8175,-95.843333,16.0,OIL
42.260162,-94.069243,16.0,OIL
39.694755,-92.047014,16.0,OIL
40.659328,-73.933752,16.999,OIL
38.7745,-95.1867,16.999,OIL
42.4942,-91.2725,17.0,OIL
40.883013,-97.601363,17.0,OIL
47.350064,-96.831911,17.0,OIL
40.861278,-73.887419,17.0,OIL
41.9031,-87.6831,17.0,OIL
41.211798,-96.61155,18.0,GAS
34.973274,-80.540038,18.0,OIL
42.579489,-70.910778,18.001,GAS
41.9167,-91.6542,18.62,OIL
38.495623,-94.95255,18.999,OIL
35.7811,-81.3928,19.0,OIL
40.710315,-74.004965,19.0,OIL
37.193787,-99.763073,19.001,OIL
38.890552,-101.751525,19.599,GAS
43.674186,-95.1706,19.6,OIL
43.742874,-90.780325,19.6,OIL
42.6944,-74.9242,19.959,OIL
42.599377,-99.143707,19.999,OIL
40.275214,-75.289218,20.0,OIL
37.7814,-90.4156,21.0,OIL
44.980833,-93.249722,21.0,GAS
45.585,-95.9042,21.0,OIL
43.63711,-95.932794,21.0,OIL
38.6714,-88.4894,21.0,OIL
38.501309,-94.956918,21.999,OIL
40.598688,-73.753461,22.0,OIL
43.8797,-90.1645,22.999,OIL
41.694673,-94.367571,23.0,OIL
40.88,-94.5589,23.0,OIL
41.111498,-74.135402,23.0,OIL
44.953014,-93.105692,23.0,OIL
38.7551,-95.8368,23.0,GAS
40.85132,-73.8483,23.002,OIL
40.6679,-73.9787,24.0,OIL
40.690544,-73.97793,24.0,OIL
44.070814,-92.522265,24.0,OIL
43.732508,-83.453306,24.0,OIL
47.396944,-97.060555,24.0,OIL
41.163069,-82.227208,24.0,OIL
30.4736,-87.2361,24.997,GAS
38.501719,-94.960069,24.999,OIL
37.4908,-97.2216,24.999,OIL
43.86811,-95.114444,24.999,OIL
42.343542,-91.2471,25.0,OIL
42.7114,-91.5469,25.0,OIL
40.9315,-94.9855,25.0,OIL
40.9871,-94.7352,25.0,OIL
42.280827,-91.532705,25.0,OIL
41.254652,-97.119202,25.001,GAS
41.780313,-99.136071,26.0,OIL
41.6014,-93.5765,26.0,OIL
41.668419,-96.669132,26.0,OIL
45.221111,-96.637222,26.001,OIL
38.6693,-88.4635,26.001,OIL
41.97007,-91.66623,26.459,OIL
41.59976,-90.91195,27.44,OIL
40.2581,-99.6108,28.0,GAS
39.441979,-98.690296,28.419,OIL
39.9867,-84.5513,29.0,OIL
41.4587,-83.369009,29.0,OIL
37.566881,-101.751065,29.0,OIL
38.513,-98.7747,29.0,GAS
45.105,-95.0844,29.001,OIL
45.1272,-95.025,29.001,OIL
42.0289,-91.5975,29.4,OIL
41.988069,-96.915994,30.0,OIL
42.25,-90.4167,30.0,OIL
41.496111,-94.327222,30.0,OIL
40.6561,-73.5922,30.0,OIL
45.889167,-95.379722,30.999,OIL
37.7608,-90.4526,31.0,OIL
41.286739,-73.888802,31.0,OIL
40.639538,-73.998833,31.0,OIL
38.354514,-98.583436,31.0,GAS
42.0372,-94.0462,31.0,OIL
44.368056,-100.380833,32.34,OIL
43.4301,-95.3153,33.0,OIL
43.292628,-94.217075,33.999,OIL
41.444224,-94.766474,34.0,OIL
34.65724,-83.03832,34.0,OIL
35.3636,-80.1939,34.0,OIL
40.4411,-83.1883,34.0,OIL
37.9676,-122.382,35.001,BIOMASS
36.6308,-79.3894,35.28,OIL
43.396851,-95.74966,35.28,OIL
42.5486,-89.0083,35.28,GAS
43.0386,-89.3586,36.0,GAS
34.5567,-81.4919,36.0,OIL
42.53,-90.6847,36.26,OIL
41.790556,-87.582778,36.26,GAS
29.820648,-94.913987,36.264,GAS
41.08921,-73.80443,36.997,OIL
40.286178,-100.176836,37.0,OIL
44.0587,-92.5119,37.0,OIL
40.2167,-74.7667,38.0,GAS
41.7265,-81.254,38.0,COAL
35.5772,-81.2081,38.0,OIL
39.03719,-98.152993,38.001,OIL
32.811848,-97.424739,39.0,GAS
45.183368,-113.885307,39.0,OIL
39.8217,-100.5289,39.2,OIL
43.405,-95.7261,39.2,OIL
39.310555,-87.992592,39.999,OIL
38.830833,-94.890278,40.0,GAS
42.4622,-92.6264,40.0,OIL
36.6533,-79.2906,40.18,OIL
46.575965,-87.403579,41.0,OIL
40.928827,-73.898015,42.0,OIL
41.30399,-94.46049,42.0,OIL
41.1117,-73.3928,42.0,OIL
40.651614,-73.62993,43.0,OIL
40.659328,-73.933752,43.002,OIL
40.631453,-100.515161,44.0,GAS
38.2049,-84.2383,44.099,OIL
33.7919,-84.2831,44.1,OIL
40.0975,-75.2428,45.0,GAS
38.2143,-98.2071,45.999,OIL
41.587748,-91.019456,46.058,OIL
41.5256,-72.0833,47.0,OIL
41.4031,-99.6392,47.0,GAS
38.6658,-88.4625,48.0,OIL
42.114742,-96.705431,48.0,OIL
31.364122,-109.5538,48.0,OIL
39.7306,-96.9795,48.0,OIL
30.3225,-95.2681,49.0,BIOMASS
35.9678,-79.9708,49.0,OIL
38.893333,-98.856944,49.002,GAS
42.29821,-91.011974,50.0,OIL
35.3778,-81.38,50.0,OIL
40.097954,-98.519032,50.001,OIL
40.75043,-73.82573,52.0,OIL
42.056,-92.8971,52.918,OIL
42.7317,-92.4711,52.998,OIL
34.965278,-81.1872,53.0,OIL
32.578011,-110.852608,53.0,GAS
42.2917,-83.2119,53.001,OIL
46.454097,-92.760557,53.9,GAS
40.840854,-73.941391,54.002,OIL
35.28914,-81.205219,54.999,OIL
42.868611,-84.895555,55.0,OIL
38.2165,-89.9992,55.0,OIL
39.756982,-81.115503,55.999,OIL
39.3975,-76.2991,56.0,GAS
43.654444,-96.201944,58.0,OIL
41.244288,-82.708949,58.0,OIL
40.24611,-88.638761,58.0,GAS
46.64974,-97.00953,58.0,OIL
40.3883,-95.8464,59.0,GAS
40.732666,-73.981597,59.001,OIL
41.3372,-94.0126,59.999,OIL
40.775397,-73.830918,61.002,OIL
41.475957,-75.600602,62.0,OIL
34.8894,-81.0725,64.0,OIL
37.193584,-77.467185,65.994,OIL
41.556714,-81.588233,66.0,OIL
37.581339,-97.424133,66.0,GAS
39.694784,-92.04674,66.0,OIL
34.44128,-82.3652,67.0,OIL
41.5283,-83.0353,67.0,BIOMASS
34.985814,-80.506037,67.0,GAS
45.7291,-85.5244,67.001,OIL
38.264408,-94.344385,68.0,OIL
44.298116,-94.725191,69.0,OIL
40.4597,-84.0401,70.0,OIL
43.6375,-94.101667,70.999,OIL
39.068747,-88.755547,71.0,OIL
41.315962,-93.060973,73.0,OIL
41.3164,-94.455,73.0,OIL
46.7289,-117.1514,73.0,OIL
41.844936,-96.71345,74.0,GAS
35.9861,-79.9497,74.0,OIL
43.4172,-93.5322,74.0,OIL
36.18519,-119.681495,74.0,BIOMASS
43.9742,-92.0597,75.0,OIL
34.7225,-81.646944,76.0,OIL
33.100353,-96.800708,76.0,OIL
41.573415,-93.557743,76.44,BIOMASS
44.446585,-95.792118,76.44,OIL
37.2894,-80.07,77.0,OIL
35.97,-79.96,78.0,OIL
37.285176,-100.332438,78.0,GAS
40.548586,-90.513814,78.0,OIL
38.425556,-89.914444,78.001,OIL
45.041378,-93.790522,78.401,OIL
42.3159,-92.1928,78.999,OIL
45.675,-94.815277,79.0,OIL
40.908889,-82.653333,79.0,OIL
42.5734,-90.6926,79.998,OIL
41.566688,-91.736663,81.999,OIL
40.6253,-96.9601,82.0,GAS
42.01667,-93.16333,82.002,GAS
37.33206,-79.51109,83.0,OIL
41.604164,-98.926144,83.0,OIL
38.0967,-88.1631,83.0,OIL
39.1194,-97.7086,83.001,GAS
42.003322,-80.320237,84.0,OIL
41.055636,-73.55198,84.0,OIL
40.0786,-93.635,84.0,OIL
37.9955,-76.038881,84.0,OIL
42.934444,-85.3475,85.0,GAS
38.531667,-99.308333,85.0,OIL
33.582793,-86.779866,86.0,GAS
44.461111,-93.180833,89.0,OIL
40.77069,-95.37683,91.0,OIL
41.688333,-83.484722,91.998,OIL
27.769271,-98.043187,93.999,GAS
43.0906,-91.5542,94.0,OIL
40.8969,-82.6625,94.0,OIL
33.759167,-84.395,94.999,OIL
40.6467,-74.0211,95.0,OIL
42.506156,-92.34558,96.003,OIL
34.74625,-78.807292,96.007,OIL
37.2875,-80.0771,99.0,OIL
35.9403,-80.1106,102.0,OIL
43.988158,-94.61564,102.0,OIL
40.188351,-76.171216,102.0,OIL
43.2397,-94.7498,103.0,OIL
29.936325,-95.25261,105.0,GAS
42.5131,-70.8583,108.0,OIL
38.193441,-95.749953,108.78,GAS
39.5879,-86.1858,109.0,OIL
36.717222,-79.845278,109.0,GAS
44.7709,-94.1582,110.0,OIL
29.803665,-95.72045,110.001,GAS
38.27433,-95.68403,112.0,OIL
38.468931,-96.25358,112.0,OIL
40.739556,-73.976083,116.001,OIL
44.3331,-69.2019,117.0,OIL
37.2794,-80.0447,118.0,OIL
41.268611,-72.01,118.0,OIL
41.748669,-71.106469,121.0,BIOMASS
38.74054,-77.508061,122.0,OIL
41.7717,-91.1321,122.002,OIL
35.8575,-97.9277,122.999,GAS
41.07875,-73.82227,123.0,OIL
39.1578,-76.78042,124.0,GAS
30.896466,-102.907161,125.0,GAS
41.586026,-92.5228,125.001,GAS
40.77698,-73.77045,126.0,OIL
42.297949,-71.436065,127.0,SOLAR
39.392138,-87.68513,127.999,OIL
41.5092,-83.3606,128.001,OIL
40.704774,-73.94186,130.0,OIL
32.54098,-85.038879,132.0,GAS
40.126389,-77.164444,133.28,OIL
45.314444,-95.602777,136.0,OIL
40.067218,-93.604363,136.003,OIL
44.8289,-93.1167,137.0,OIL
37.3847,-89.6606,140.998,OIL
34.003489,-98.553539,141.0,OIL
38.421389,-79.591389,142.0,OIL
41.2382,-103.6667,142.001,OIL
36.5531,-89.9682,143.999,OIL
43.866,-93.0504,144.0,OIL
45.5336,-92.0224,146.0,OIL
35.109444,-75.979722,146.0,OIL
39.806868,-89.641653,147.0,OIL
36.024272,-90.509229,148.0,GAS
40.379054,-75.30352,149.0,OIL
45.36282,-84.29497,153.0,OIL
41.2925,-72.7942,153.0,OIL
41.935,-91.6361,153.841,OIL
41.032778,-87.0725,155.0,BIOMASS
35.407208,-80.151849,157.0,OIL
34.1845,-90.562662,159.0,GAS
44.364871,-97.381063,159.0,OIL
41.4079,-84.1095,159.999,OIL
40.53,-82.4,160.0,OIL
33.440183,-80.8417,161.0,GAS
32.764483,-97.169261,161.001,GAS
40.055,-95.6083,161.997,GAS
40.7303,-82.7939,162.999,OIL
42.8129,-86.0335,163.0,GAS
33.179721,-96.883994,163.0,OIL
38.7412,-89.6849,163.999,OIL
41.409,-95.0,164.0,GAS
45.877088,-93.295137,169.0,OIL
40.312222,-88.159444,169.0,OIL
37.8277,-75.9915,170.0,OIL
35.182778,-103.731111,170.0,OIL
42.6736,-95.3026,173.0,OIL
41.780735,-89.689416,173.0,OIL
44.8256,-93.1139,175.6,OIL
41.449992,-84.767208,176.0,OIL
33.857046,-98.499006,176.001,GAS
44.5331,-95.1122,180.999,OIL
44.2524,-91.5034,180.999,GAS
44.8283,-93.1167,182.0,OIL
41.776109,-73.120886,182.0,OIL
42.961151,-94.445574,183.001,OIL
29.557643,-95.382896,185.0,GAS
32.592923,-96.879836,185.001,GAS
43.4566,-83.1889,191.0,OIL
35.3119,-81.1414,192.0,OIL
42.02771,-91.7111,193.0,GAS
42.7317,-92.4711,194.999,OIL
29.372305,-95.000453,196.0,GAS
32.842209,-96.598028,197.001,GAS
39.137935,-84.504948,198.0,OIL
37.041997,-113.626736,199.998,OIL
32.101054,-96.403764,200.001,GAS
40.2247,-84.4769,201.999,OIL
40.768,-73.9515,203.0,OIL
38.080332,-99.893587,205.0,OIL
44.415,-110.5739,206.0,OIL
41.0317,-81.8714,206.001,OIL
29.787919,-95.799137,207.0,GAS
29.64662,-95.161425,210.0,GAS
39.4578,-98.1122,210.0,GAS
39.492,-121.5628,211.001,GAS
40.5458,-84.3889,213.0,OIL
41.6041,-71.9825,215.0,OIL
40.899997,-72.381977,215.0,OIL
28.4263,-81.5809,216.0,GAS
41.5855,-84.5794,216.0,OIL
29.601653,-95.250237,216.999,GAS
42.0356,-91.6458,217.56,OIL
45.128164,-94.53515,219.0,OIL
29.558105,-95.761271,219.0,GAS
36.7106,-99.8906,220.0,OIL
41.5014,-84.4283,220.0,OIL
45.569468,-93.587244,220.999,OIL
43.74453,-93.724129,221.0,GAS
42.6986,-70.8697,222.998,GAS
33.156306,-96.682687,223.0,OIL
38.7619,-89.0128,224.0,GAS
43.266389,-82.619167,225.0,GAS
32.691018,-100.91789,225.999,GAS
43.687322,-92.389392,226.38,OIL
32.774643,-97.291803,227.001,GAS
35.001194,-82.130278,230.0,BIOMASS
43.263235,-93.635383,231.0,OIL
32.66674,-97.209254,231.999,GAS
37.54864,-75.790823,232.0,OIL
29.421764,-95.230784,234.0,GAS
40.873268,-73.912967,234.0,OIL
29.789117,-95.722232,234.999,GAS
29.535168,-95.018815,234.999,GAS
39.825934,-89.637282,236.0,OIL
37.741967,-75.655979,236.0,OIL
44.048333,-123.073889,236.491,GAS
41.871043,-94.680777,237.999,OIL
32.793829,-96.689543,240.0,GAS
29.716069,-95.313027,242.001,GAS
29.992502,-95.744444,243.0,GAS
37.74542,-75.720487,245.0,OIL
26.243944,-98.245055,245.001,GAS
29.690142,-95.774624,246.0,GAS
40.86,-81.7586,246.999,OIL
33.216844,-96.735704,247.0,OIL
31.07212,-97.370901,249.0,GAS
33.097094,-96.798596,249.999,GAS
29.53658,-95.53628,249.999,GAS
42.2747,-71.7172,251.0,OIL
31.11497,-97.414441,251.001,GAS
29.817549,-94.900456,254.001,GAS
42.255386,-71.690509,255.0,GAS
36.659167,-76.926667,255.0,OIL
32.48078,-99.698015,255.999,GAS
29.693424,-95.210408,255.999,GAS
32.967341,-97.411976,258.0,GAS
32.922049,-97.081986,258.999,GAS
28.982463,-95.958458,258.999,GAS
45.510601,-92.979042,261.0,OIL
40.78999,-73.953689,261.002,OIL
29.395822,-100.901074,261.999,GAS
42.25416,-87.864282,262.0,GAS
39.403001,-101.038202,264.0,GAS
31.089722,-97.729279,264.0,GAS
43.6661,-92.0831,265.0,GAS
26.202647,-98.164666,266.001,GAS
27.610637,-99.462215,267.0,GAS
32.959048,-96.81664,267.999,GAS
29.829831,-95.377269,269.001,GAS
33.673162,-96.612131,270.999,GAS
29.613582,-95.644645,273.0,GAS
42.8464,-92.0978,275.001,OIL
29.80599,-95.1652,276.0,GAS
32.433318,-99.758324,276.999,GAS
31.080808,-97.457755,279.0,GAS
41.03539,-81.74896,280.0,OIL
41.2836,-82.2194,280.001,GAS
43.6436,-70.2544,281.0,OIL
29.776274,-94.974458,285.0,GAS
32.576159,-97.130048,285.999,GAS
38.627566,-90.193377,286.0,OIL
29.470152,-95.089643,286.0,GAS
32.381434,-102.78282,286.995,OIL
47.750278,-90.357222,287.001,OIL
39.596667,-88.611944,289.0,OIL
43.326083,-95.148339,289.001,OIL
30.178935,-95.538096,290.001,GAS
29.630428,-95.237434,290.001,GAS
30.106498,-94.170414,290.001,GAS
44.5431,-95.1178,291.0,GAS
30.064779,-95.429453,291.999,GAS
35.9428,-79.9089,293.001,OIL
41.7394,-92.4394,296.0,OIL
39.6088,-84.2921,297.0,GAS
30.12423,-95.45769,297.0,GAS
32.677829,-97.467729,299.001,GAS
44.4533,-110.8347,300.0,OIL
27.665051,-97.28064,300.0,GAS
32.882111,-97.387586,300.0,GAS
32.673532,-97.036234,300.999,GAS
29.721093,-95.646224,303.0,GAS
40.570448,-74.63951,303.0,GAS
27.612565,-99.471825,306.0,GAS
41.168019,-80.752918,308.0,OIL
30.190279,-95.589487,309.0,GAS
29.786159,-95.539403,309.999,GAS
29.545976,-95.235941,311.0,GAS
29.466105,-95.09527,311.001,GAS
32.755036,-97.433843,312.0,GAS
29.380114,-94.953418,312.624,OIL
44.8196,-93.1156,312.998,OIL
25.976057,-97.519445,312.999,GAS
29.894458,-95.06497,314.001,GAS
29.995329,-95.576602,315.0,GAS
32.576636,-97.338514,318.0,GAS
41.798943,-73.116267,319.0,OIL
40.3056,-75.9081,321.0,OIL
32.765261,-97.483775,321.999,GAS
41.8069,-71.53,323.0,BIOMASS
30.077307,-95.51277,324.0,GAS
29.573168,-95.283899,324.0,GAS
29.72355,-95.46539,324.999,GAS
43.4028,-94.8433,324.999,GAS
40.58549,-73.965581,326.0,OIL
39.832769,-97.632038,326.999,GAS
29.679366,-95.5614,327.0,GAS
29.551973,-95.159125,329.001,GAS
32.89517,-97.286531,330.999,GAS
37.6356,-98.745,331.0,GAS
32.847939,-97.18405,332.001,GAS
32.59732,-96.946914,332.001,GAS
28.702031,-100.482722,333.0,GAS
36.680278,-76.921944,333.0,OIL
43.720026,-91.977738,336.46,HYDRO
44.69,-106.1092,337.0,GAS
26.267703,-98.204552,338.001,GAS
29.004862,-95.388434,339.999,GAS
26.260742,-98.315859,339.999,GAS
30.53366,-97.612014,339.999,GAS
41.52679,-72.064935,341.0,OIL
44.595117,-71.494398,343.0,OIL
26.191785,-98.128306,345.999,GAS
41.175556,-71.5711,346.0,OIL
42.8486,-94.8506,347.0,OIL
41.7053,-91.6033,347.0,GAS
38.752347,-77.462918,347.999,OIL
38.725278,-77.509722,350.0,OIL
35.694344,-77.91919,350.0,OIL
29.664286,-95.098302,351.999,GAS
40.622,-93.9326,354.001,OIL
44.4814,-73.2239,357.0,OIL
36.669425,-96.347408,365.0,OIL
38.607456,-89.524514,365.999,OIL
31.8362,-102.4461,367.005,OIL
38.6106,-89.3583,368.0,OIL
44.0833,-93.23,368.0,GAS
29.818196,-95.767961,368.001,GAS
29.998163,-95.486202,369.0,GAS
33.9986,-118.2219,375.0,GAS
29.853797,-95.509083,384.999,GAS
29.920574,-95.602626,384.999,GAS
42.339387,-71.031407,385.0,OIL
31.262356,-85.402737,386.0,OIL
30.518818,-97.65854,386.0,GAS
35.665961,-77.35744,387.0,GAS
42.363094,-92.772322,388.0,OIL
44.4906,-73.1703,388.0,OIL
29.55952,-95.39038,390.0,GAS
29.877618,-95.651482,392.001,GAS
37.507709,-94.839318,393.0,GAS
27.694932,-97.262513,395.0,GAS
29.433657,-98.703454,399.0,GAS
41.4278,-74.4186,408.0,GAS
44.1172,-93.7073,409.0,OIL
39.449185,-90.614119,412.0,OIL
28.851871,-96.996805,413.0,GAS
27.607476,-99.473866,413.0,GAS
29.995621,-95.176468,416.001,GAS
41.916944,-87.845556,419.999,GAS
36.5748,-83.0321,420.002,OIL
29.975997,-95.697345,422.001,GAS
29.783981,-95.804075,423.999,GAS
31.975269,-102.63501,424.005,OIL
38.5444,-76.6861,429.0,OIL
38.764905,-95.192006,436.0,GAS
30.014278,-95.594987,437.001,GAS
43.8294,-105.5322,438.0,GAS
41.3469,-72.0411,446.0,OIL
26.02131,-97.596284,448.005,OIL
26.269683,-97.867012,454.0,BIOMASS
41.362778,-72.0825,455.0,OIL
43.4019,-84.6014,456.0,HYDRO
37.113736,-113.568944,457.0,OIL
43.7219,-105.7689,459.0,GAS
41.375528,-89.464872,459.001,GAS
41.5683,-72.2322,460.0,OIL
41.3367,-72.02,462.0,OIL
39.373966,-97.127211,462.999,GAS
46.4112,-105.7953,464.0,GAS
41.5694,-72.1175,466.0,OIL
40.7052,-73.9807,468.0,OIL
26.19208,-97.664239,471.0,OIL
40.5416,-81.4985,471.0,OIL
43.0802,-89.3747,475.0,OIL
29.845265,-95.553945,475.005,OIL
26.16815,-98.09831,480.0,OIL
29.59576,-95.36578,486.0,OIL
32.295946,-102.54,490.995,OIL
31.921616,-102.431039,495.0,OIL
36.0242,-90.5094,498.999,GAS
29.508402,-95.479339,502.995,OIL
38.615579,-95.279742,504.999,GAS
41.141773,-81.474535,506.997,OIL
32.35123,-102.5577,511.005,OIL
41.768199,-89.674385,521.997,OIL
36.697222,-77.105,524.0,OIL
37.2953,-77.9862,528.0,OIL
43.603,-72.9923,530.0,OIL
29.956811,-95.527643,531.0,OIL
40.27917,-84.19097,537.0,OIL
43.4011,-72.4203,538.0,OIL
44.9503,-74.8928,547.0,GAS
42.8333,-86.0053,553.0,GAS
26.320997,-98.351744,556.005,OIL
41.4609,-84.527,558.0,OIL
26.23055,-97.82349,559.995,OIL
42.2717,-84.9411,561.0,GAS
42.2278,-97.0183,566.001,OIL
39.7667,-84.1739,570.0,OIL
37.739722,-122.3925,572.0,BIOMASS
29.785353,-95.875497,577.005,OIL
26.168074,-97.654049,580.995,OIL
41.44823,-72.834884,581.0,GAS
38.334786,-90.158939,581.003,GAS
38.74054,-77.508061,590.999,OIL
42.512,-92.476,607.0,GAS
41.7992,-85.4256,611.0,GAS
41.691944,-90.866389,614.0,BIOMASS
29.844469,-95.540618,614.0,GAS
29.417338,-98.360879,620.992,GAS
45.98363,-83.90788,623.0,OIL
40.971826,-91.551221,623.004,OIL
43.22731,-77.364092,629.0,GAS
43.741111,-83.447222,632.0,COAL
41.7278,-92.4479,641.0,OIL
41.209797,-73.108976,643.999,GAS
42.388611,-71.56,644.0,GAS
43.0733,-94.2392,645.0,OIL
38.28,-77.59,647.001,OIL
40.1908,-76.94579,654.0,OIL
42.2639,-83.6422,658.0,OIL
43.0563,-92.6932,663.0,GAS
40.8361,-76.825,664.0,OIL
32.2925,-88.7461,672.0,GAS
42.2081,-83.1453,685.001,GAS
40.257865,-76.857897,690.0,OIL
41.4711,-72.1022,694.0,OIL
45.229073,-94.009673,699.0,OIL
28.812804,-96.977765,716.002,GAS
31.164772,-81.478724,718.77,BIOMASS
39.4098,-84.5543,727.0,GAS
44.795231,-93.581013,733.0,GAS
35.705,-85.7439,738.0,OIL
35.267222,-75.534722,739.0,OIL
40.797858,-73.565661,745.0,GAS
45.805443,-92.97176,749.0,OIL
40.7372,-74.1206,779.0,GAS
39.761111,-99.305833,781.82,GAS
35.1103,-81.9675,787.0,HYDRO
41.542778,-72.093611,796.0,OIL
43.144585,-95.144257,800.0,OIL
41.590218,-93.619499,813.0,GAS
46.953468,-121.475198,821.0,OIL
39.8442,-77.3508,827.0,OIL
41.1059,-72.3761,834.0,OIL
32.252273,-110.992148,843.0,GAS
34.0609,-117.3532,843.0,GAS
41.79323,-91.89179,845.004,OIL
42.371667,-72.512222,856.0,GAS
34.6968,-92.165,868.0,BIOMASS
41.9061,-84.6319,882.0,GAS
46.905665,-98.662183,891.0,OIL
27.786287,-97.46234,904.0,GAS
44.916666,-73.1,904.0,OIL
41.4106,-92.9378,907.998,OIL
42.2672,-71.3983,915.0,OIL
39.5173,-107.7299,932.0,GAS
34.587538,-78.97552,940.0,OIL
38.345278,-84.548889,944.0,BIOMASS
40.348275,-74.771501,946.0,GAS
37.2354,-97.011,952.0,GAS
41.3884,-83.6402,961.0,GAS
39.4735,-95.73155,965.0,OIL
38.74054,-77.508061,969.003,OIL
35.982597,-96.775683,969.999,OIL
39.908732,-76.988454,983.0,OIL
44.085437,-87.726102,989.0,GAS
43.0978,-70.7842,994.0,OIL
38.7443,-77.4974,1002.0,OIL
37.3208,-85.3611,1018.0,BIOMASS
47.73511,-117.370538,1059.0,GAS
33.436637,-80.847389,1068.0,GAS
29.575316,-95.636882,1076.012,GAS
47.0539,-104.74,1080.0,GAS
34.146253,-118.30485,1093.0,BIOMASS
34.0606,-117.3533,1097.0,GAS
36.7597,-90.3903,1102.998,GAS
37.361667,-121.943611,1117.996,OIL
42.095,-72.595,1118.0,GAS
43.0689,-92.3201,1121.001,GAS
43.631944,-112.279722,1145.0,BIOMASS
33.806801,-117.985758,1145.0,GAS
33.980254,-81.04067,1151.0,OIL
41.9092,-89.0504,1159.0,GAS
42.186076,-93.600479,1159.998,OIL
39.98,-75.150556,1183.0,GAS
38.5444,-76.6861,1195.0,OIL
38.868095,-91.94778,1215.0,GAS
30.910985,-84.547304,1216.0,OIL
28.1289,-81.0978,1219.0,GAS
42.312977,-71.036368,1239.001,SOLAR
37.6359,-98.7433,1254.0,GAS
39.3528,-84.5183,1258.0,GAS
43.582846,-83.896696,1262.0,GAS
33.9397,-77.9905,1263.0,GAS
43.595101,-83.89986,1263.0,GAS
33.5452,-80.9109,1270.0,OIL
26.612767,-80.0677,1279.0,GAS
34.6875,-82.9525,1316.0,OIL
39.9419,-75.1883,1316.0,OIL
45.955014,-86.256291,1323.0,OIL
38.4006,-78.8983,1326.0,OIL
40.80788,-96.710667,1329.0,GAS
44.276199,-88.265445,1354.0,GAS
41.1269,-74.1653,1357.0,GAS
41.5094,-81.682272,1359.0,GAS
39.8233,-89.5891,1365.0,GAS
36.398796,-119.524252,1383.0,BIOMASS
44.905026,-93.820761,1398.0,OIL
37.795556,-122.402778,1402.0,GAS
41.0289,-73.5989,1418.001,OIL
42.291275,-73.986452,1425.0,OIL
41.4079,-84.1095,1430.0,GAS
41.8809,-71.0927,1434.0,OIL
35.5331,-98.1011,1442.001,OIL
42.1483,-72.5911,1445.001,OIL
42.067753,-87.993492,1448.0,GAS
33.9308,-117.2933,1454.0,GAS
41.397369,-83.641236,1458.0,GAS
38.5935,-92.2206,1459.0,OIL
41.7495,-72.6524,1489.0,OIL
42.471022,-93.81499,1490.0,OIL
39.7302,-75.5371,1493.0,OIL
40.7167,-82.789,1502.0,GAS
39.145036,-75.548172,1504.0,GAS
38.275,-95.6839,1507.0,OIL
37.923076,-95.425572,1532.999,GAS
36.7711,-76.3019,1533.0,OIL
45.414444,-123.804167,1538.0,BIOMASS
37.2367,-96.9625,1562.0,GAS
39.305,-76.901944,1583.0,BIOMASS
41.392486,-70.620089,1632.0,OIL
36.4517,-77.6594,1643.0,OIL
37.176646,-94.299431,1662.999,GAS
35.268333,-77.659167,1664.0,OIL
32.8817,-117.1958,1665.0,BIOMASS
41.0372,-73.5564,1676.001,OIL
33.7756,-84.3899,1678.0,GAS
38.173889,-113.297222,1684.0,BIOMASS
43.8478,-71.2069,1721.0,OIL
43.834167,-85.355833,1722.72,GAS
37.7061,-75.7031,1749.0,OIL
41.855833,-87.835556,1753.0,GAS
34.2506,-116.9025,1760.003,GAS
39.8301,-75.3837,1761.999,OIL
37.8503,-94.3444,1765.0,OIL
30.64741,-96.372316,1770.0,GAS
37.037344,-95.612689,1774.0,GAS
37.2717,-75.9682,1780.998,OIL
39.094574,-94.411522,1792.0,OIL
40.558652,-96.786177,1811.0,GAS
41.425786,-70.608273,1821.0,OIL
40.071128,-74.983057,1823.0,GAS
40.476525,-74.352336,1836.0,GAS
39.103333,-88.85898,1841.0,GAS
40.176486,-74.789976,1844.001,OIL
43.2481,-93.205,1845.0,OIL
41.9093,-89.0498,1883.001,GAS
33.708283,-78.924146,1893.001,OIL
37.686085,-96.964982,1912.001,GAS
41.393315,-87.943612,1931.0,GAS
42.704391,-73.850866,1937.001,BIOMASS
41.919444,-85.024167,1947.999,GAS
39.1481,-91.8306,1966.0,OIL
38.4681,-78.865,2002.0,OIL
32.591667,-117.058611,2016.0,GAS
37.62936,-120.93139,2097.0,GAS
37.261372,-97.4057,2103.0,GAS
38.555713,-92.102316,2133.0,OIL
37.505833,-77.373889,2136.0,BIOMASS
37.4325,-121.95285,2140.0,BIOMASS
39.175,-84.5042,2160.0,GAS
43.1606,-95.2569,2204.0,GAS
39.1067,-94.3804,2214.0,GAS
48.114262,-96.179176,2233.0,HYDRO
39.968021,-75.125203,2276.0,OIL
40.583155,-98.420055,2291.0,GAS
42.9828,-78.1592,2310.0,GAS
38.899722,-98.839444,2330.0,GAS
44.251,-72.6027,2343.0,OIL
40.187928,-97.577857,2379.0,OIL
40.2214,-100.6508,2430.0,OIL
40.776111,-82.568611,2457.999,GAS
42.115589,-87.731025,2481.0,GAS
39.231111,-74.780833,2491.0,BIOMASS
37.994134,-75.837679,2494.0,OIL
33.6758,-116.1714,2507.0,GAS
40.827149,-73.647473,2544.0,OIL
44.0075,-73.176944,2551.1,BIOMASS
39.8119,-75.249031,2560.0,GAS
42.996838,-89.568745,2578.006,SOLAR
40.2352,-75.6193,2579.001,OIL
35.666111,-119.766944,2581.0,GAS
39.055954,-94.392957,2588.0,OIL
39.9144,-75.135,2607.0,OIL
38.9,-107.5,2609.001,OFSL
37.777,-79.892,2615.0,OIL
33.121111,-80.029444,2633.0,BIOMASS
40.574444,-74.648056,2634.0,GAS
41.555556,-81.589167,2647.0,BIOMASS
38.6996,-88.5392,2650.0,GAS
39.9389,-77.6583,2661.999,GAS
36.7858,-76.2019,2669.004,BIOMASS
46.290641,-96.043252,2685.0,HYDRO
33.622778,-117.936389,2727.0,GAS
43.0667,-76.2246,2737.0,GAS
41.471822,-84.543148,2756.001,GAS
43.9842,-75.6225,2763.0,GAS
41.706475,-77.08184,2804.0,GAS
46.37437,-84.41723,2833.0,OIL
41.671877,-91.563999,2843.0,GAS
44.093333,-94.276667,2861.0,GAS
42.140028,-71.446441,2862.999,OIL
32.9553,-115.5364,2890.0,GAS
44.064722,-92.469167,2890.0,BIOMASS
30.226444,-93.293765,2904.0,GAS
26.790833,-81.965278,2955.0,BIOMASS
44.3159,-94.4581,2982.0,OIL
34.2572,-82.6097,3083.0,HYDRO
43.9405,-94.9434,3083.0,WIND
42.227281,-72.547189,3155.0,BIOMASS
34.482175,-120.123485,3206.0,BIOMASS
27.758056,-82.635278,3216.0,OIL
37.110556,-100.803611,3233.0,GAS
40.0195,-105.202,3310.0,GAS
40.00759,-105.269204,3312.53,GAS
31.363472,-110.931343,3379.999,GAS
41.1694,-80.1055,3382.0,OIL
35.591719,-77.614507,3383.0,BIOMASS
44.087235,-103.260959,3397.0,GAS
41.524386,-87.509067,3454.0,BIOMASS
37.574167,-95.237222,3456.0,OIL
41.38109,-87.637542,3474.999,BIOMASS
35.353269,-80.668024,3550.0,BIOMASS
40.711684,-74.354231,3550.0,OIL
37.3811,-93.3514,3557.0,BIOMASS
37.793333,-122.394167,3572.001,GAS
39.9894,-75.04,3587.0,BIOMASS
38.384167,-77.413056,3611.0,BIOMASS
42.709722,-73.202222,3616.0,GAS
41.8054,-71.514166,3666.0,BIOMASS
40.2653,-76.8771,3683.0,GAS
37.155,-113.439167,3684.0,GAS
38.652731,-121.393336,3697.0,GAS
43.080338,-75.600963,3790.0,GAS
34.2642,-81.3308,3793.0,OIL
39.3561,-102.2431,3799.0,OIL
45.847778,-93.354167,3826.0,BIOMASS
40.776944,-72.850833,3906.999,GAS
37.732533,-121.116006,3912.0,GAS
36.9874,-85.9575,3925.0,BIOMASS
42.350889,-73.815798,3944.0,GAS
37.9586,-100.8361,4012.0,GAS
33.925556,-83.263889,4012.0,BIOMASS
36.748611,-91.868611,4019.0,GAS
34.1958,-119.1664,4027.0,GAS
30.7917,-81.5333,4038.996,OIL
35.3233,-96.1352,4182.0,GAS
37.6376,-95.4704,4194.999,GAS
32.877822,-117.197788,4199.0,BIOMASS
39.909424,-74.178041,4199.001,OIL
32.208871,-80.698754,4210.999,OIL
41.998889,-88.302222,4253.004,GAS
43.873889,-91.18,4262.0,BIOMASS
38.7786,-76.0769,4274.998,OIL
39.760634,-76.635341,4294.0,OIL
41.110861,-73.421968,4309.0,GAS
43.4016,-84.9141,4342.0,GAS
34.431419,-119.900055,4348.0,GAS
44.901667,-97.108333,4404.0,OIL
32.7047,-92.0792,4416.0,GAS
42.3221,-85.2043,4455.0,GAS
34.063056,-117.163889,4532.001,GAS
37.1611,-100.7619,4578.0,GAS
42.7167,-114.6167,4599.0,BIOMASS
37.741111,-83.988889,4647.0,BIOMASS
37.38311,-98.070364,4665.0,GAS
38.146571,-121.300541,4682.0,GAS
40.0922,-104.796,4708.0,GAS
37.954722,-100.830556,4710.0,GAS
41.6722,-93.6769,4751.0,GAS
33.8625,-98.5894,4771.0,GAS
44.461908,-93.156387,4809.0,WIND
39.8639,-75.8428,4841.0,BIOMASS
31.546111,-84.0675,5061.0,BIOMASS
40.229379,-76.75007,5085.0,GAS
42.0906,-72.5917,5111.0,BIOMASS
38.356944,-78.676667,5183.0,BIOMASS
39.2986,-76.5636,5294.0,OIL
38.795,-76.07,5308.0,OIL
40.7625,-73.979167,5337.0,GAS
43.8861,-75.4342,5369.0,GAS
43.279722,-92.810556,5406.0,WIND
28.493232,-80.780124,5414.0,GAS
45.765346,-108.499232,5436.0,COAL
43.216639,-86.214444,5450.0,GAS
35.6067,-81.3006,5564.001,BIOMASS
35.479146,-119.737464,5578.0,GAS
41.725833,-111.8433,5592.999,GAS
41.0772,-95.87,5652.0,BIOMASS
41.293294,-82.965261,5671.0,GAS
36.309609,-82.377504,5686.001,GAS
41.547671,-73.425237,5708.0,BIOMASS
36.438611,-80.568333,5724.0,BIOMASS
36.60194,-82.143089,5736.0,BIOMASS
40.174563,-75.913688,5737.0,BIOMASS
36.18519,-119.681495,5738.0,BIOMASS
47.717222,-104.135556,5742.0,GAS
33.8125,-78.967222,5752.999,BIOMASS
36.18519,-119.681495,5795.0,BIOMASS
38.810677,-121.323807,5826.0,GAS
37.9369,-121.3294,5835.0,OIL
37.2678,-97.3497,5891.0,GAS
41.77952,-107.10972,6006.26,OFSL
34.616111,-106.815,6095.0,GAS
36.2338,-90.0521,6176.001,GAS
44.312222,-72.711389,6185.0,BIOMASS
37.7328,-99.9497,6244.0,GAS
33.8247,-116.5106,6267.0,GAS
34.140501,-119.184529,6285.999,BIOMASS
40.6853,-73.4258,6288.0,GAS
29.8397,-95.53685,6304.0,GAS
33.5211,-101.7906,6307.0,GAS
42.542949,-70.928314,6318.0,GAS
42.731,-85.8551,6329.0,GAS
45.00812,-123.05286,6496.0,BIOMASS
40.910205,-75.079398,6605.0,GAS
41.086356,-87.256801,6664.0,GAS
43.348808,-76.425169,6767.69,BIOMASS
42.791028,-84.695682,6768.0,BIOMASS
42.897663,-96.990494,6802.0,OIL
40.12282,-77.1716,6825.0,OIL
37.542619,-122.231119,6828.0,BIOMASS
29.9383,-89.97,6841.0,OTHF
33.9296,-118.1046,6864.0,GAS
43.9906,-84.8003,6865.0,BIOMASS
37.711944,-89.215,7044.0,COAL
38.4878,-75.8208,7053.0,OIL
42.299,-71.804,7067.0,GAS
38.159,-75.704,7088.0,BIOMASS
37.6788,-77.5678,7094.004,BIOMASS
39.984469,-75.075247,7112.0,OIL
45.6394,-89.4205,7133.0,GAS
24.563333,-81.7342,7150.0,OIL
38.191,-83.544,7175.0,BIOMASS
37.401,-121.96867,7217.0,GAS
38.2494,-122.0394,7254.0,GAS
41.555425,-72.041829,7298.0,HYDRO
41.4928,-90.6275,7299.0,BIOMASS
42.7083,-89.0208,7302.999,BIOMASS
39.1228,-93.2064,7343.0,GAS
39.8154,-74.2098,7346.0,OIL
41.153333,-81.568889,7358.001,BIOMASS
33.906953,-118.013105,7418.0,GAS
43.186111,-123.380278,7507.0,BIOMASS
41.1153,-87.2328,7536.0,GAS
35.21426,-119.202974,7636.0,BIOMASS
34.8008,-82.1847,7669.0,BIOMASS
44.9806,-108.8428,7689.0,OFSL
39.140833,-78.0975,7690.0,BIOMASS
41.5572,-93.5242,7781.001,GAS
34.161951,-119.047916,7800.0,GAS
40.2427,-111.66298,7833.0,GAS
35.17306,-119.116384,7924.0,BIOMASS
38.088138,-121.386944,8008.0,GAS
41.251488,-95.922682,8092.0,OIL
42.2508,-71.8226,8103.0,GAS
36.388,-119.394,8192.0,BIOMASS
35.472113,-119.432866,8212.0,BIOMASS
37.185556,-113.2975,8258.002,GAS
39.4547,-75.2014,8290.0,GAS
42.45,-83.0381,8339.001,GAS
35.511903,-78.433794,8390.0,BIOMASS
41.6835,-87.5563,8406.0,GAS
37.4194,-122.0153,8454.0,GAS
40.610181,-73.920008,8473.0,GAS
35.2625,-80.811667,8531.0,BIOMASS
42.5267,-92.4394,8683.0,GAS
36.7056,-121.7714,8727.0,BIOMASS
42.500278,-114.615,8803.0,BIOMASS
39.724167,-121.815278,8831.0,GAS
39.674444,-94.776111,8867.0,BIOMASS
48.313067,-114.342137,8911.0,BIOMASS
42.2891,-88.413,8917.002,GAS
41.7792,-76.6258,8949.0,BIOMASS
40.263,-103.8069,8972.0,GAS
41.451494,-90.148547,8986.001,WIND
38.3017,-122.7489,8990.0,BIOMASS
33.143847,-117.236908,8995.0,GAS
39.890223,-75.185539,9001.0,GAS
44.5738,-68.8046,9013.0,GAS
36.224758,-121.124633,9014.0,GAS
47.6539,-122.3036,9033.112,GAS
30.459813,-84.260028,9085.0,GAS
44.634722,-90.134444,9152.0,GAS
38.3017,-122.7489,9159.0,BIOMASS
41.85887,-103.63438,9175.0,COAL
38.228522,-122.07525,9245.0,GAS
42.046111,-93.579444,9253.798,GAS
35.2889,-78.0703,9255.0,BIOMASS
39.145608,-122.118591,9260.0,BIOMASS
42.8656,-114.7914,9307.0,BIOMASS
33.954444,-88.9925,9321.0,BIOMASS
29.33,-98.66,9326.0,BIOMASS
36.6535,-120.5783,9334.0,GAS
44.083,-88.5411,9493.001,BIOMASS
41.931838,-70.958393,9520.0,GAS
39.1492,-94.6381,9525.0,OIL
31.811078,-106.59326,9547.0,BIOMASS
38.881389,-104.816944,9547.0,GAS
43.63349,-95.609234,9564.001,WIND
34.38407,-118.494882,9578.0,GAS
43.314444,-90.373056,9621.0,BIOMASS
42.985,-83.9764,9716.0,BIOMASS
41.890968,-83.99286,9720.0,BIOMASS
40.00665,-79.041035,9788.0,BIOMASS
38.327222,-87.200556,9810.0,BIOMASS
36.973333,-122.105556,9886.0,BIOMASS
32.5792,-83.5822,9904.0,GAS
35.319503,-119.661992,9923.0,GAS
41.556389,-72.653889,9956.0,GAS
37.3389,-77.2806,10053.382,GAS
36.534167,-121.408611,10137.0,BIOMASS
41.536735,-85.927204,10155.0,BIOMASS
47.661111,-122.446389,10165.0,BIOMASS
41.8911,-88.2711,10168.0,GAS
37.81577,-81.16193,10202.0,BIOMASS
45.390278,-92.1625,10205.0,BIOMASS
34.0903,-117.5343,10218.0,GAS
44.358047,-71.5449,10220.0,BIOMASS
40.846525,-84.933264,10234.0,GAS
37.035,-84.0933,10251.0,BIOMASS
29.7336,-91.4431,10256.0,OTHF
37.633526,-122.139717,10273.0,BIOMASS
40.7197,-74.13,10297.0,GAS
38.242158,-121.854722,10463.0,GAS
47.234825,-93.537169,10474.0,GAS
41.4731,-71.9606,10515.77,GAS
37.01618,-120.37279,10530.0,BIOMASS
41.12902,-111.964147,10531.0,BIOMASS
34.326242,-118.44477,10576.0,GAS
32.679172,-117.246698,10646.0,BIOMASS
32.819675,-117.140548,10693.0,GAS
43.6579,-94.4647,10717.002,GAS
42.221944,-89.093333,10740.0,BIOMASS
48.134722,-123.465556,10755.0,BIOMASS
35.186667,-120.599444,10783.0,BIOMASS
33.1185,-117.0995,10801.0,GAS
37.030051,-113.563394,10852.0,GAS
36.193611,-80.040555,10874.001,BIOMASS
38.221577,-121.868333,10895.0,GAS
40.9228,-98.3269,10958.999,GAS
37.7258,-85.7258,10974.999,BIOMASS
41.835947,-79.188668,11094.0,GAS
43.701916,-72.286735,11181.19,OIL
40.013993,-75.05283,11267.0,GAS
38.885709,-77.028373,11268.0,GAS
42.4407,-92.4205,11285.999,GAS
41.776111,-72.606667,11297.0,GAS
48.885636,-122.75164,11349.0,GAS
39.465,-84.3778,11389.0,GAS
41.923068,-71.086412,11440.0,BIOMASS
44.187066,-93.99242,11568.0,COAL
45.030397,-84.730795,11602.999,GAS
42.104444,-72.0325,11723.0,BIOMASS
39.783388,-93.564112,11732.0,GAS
44.2761,-88.2658,11760.0,GAS
39.857499,-105.225967,11768.0,GAS
45.400524,-122.765822,11791.0,BIOMASS
42.73227,-71.522418,11828.0,BIOMASS
33.1261,-117.1172,11858.0,GAS
42.334651,-71.074171,11863.0,GAS
33.989626,-117.680911,11882.0,GAS
42.787778,-112.365556,12039.0,BIOMASS
32.7261,-117.1464,12058.0,GAS
36.0311,-78.86,12064.0,BIOMASS
29.122882,-82.055452,12152.0,BIOMASS
42.10625,-87.813738,12188.0,BIOMASS
42.1424,-89.079,12199.998,BIOMASS
42.783,-85.92195,12401.0,BIOMASS
43.45965,-85.9761,12441.0,BIOMASS
39.82,-104.75,12446.0,GAS
35.841299,-80.183458,12449.0,BIOMASS
38.314722,-121.833611,12493.0,BIOMASS
28.66898,-82.485733,12499.0,BIOMASS
39.073315,-93.714748,12500.999,GAS
44.0322,-92.4908,12607.0,GAS
32.796491,-116.972071,12625.0,GAS
34.0414,-117.3603,12742.0,GAS
43.3864,-93.5589,12887.0,BIOMASS
40.151389,-74.780556,12913.0,BIOMASS
39.1228,-94.5606,12938.002,OIL
36.540556,-87.544444,12954.0,BIOMASS
35.0968,-119.4299,12997.0,GAS
43.471745,-76.493474,13018.0,GAS
34.623611,-87.101111,13040.0,BIOMASS
42.813056,-85.986111,13054.0,BIOMASS
35.169722,-119.105556,13084.0,BIOMASS
32.574722,-94.373889,13106.0,BIOMASS
41.2033,-95.9292,13134.0,BIOMASS
39.839572,-84.965682,13172.0,GAS
34.7975,-77.543056,13191.0,BIOMASS
42.696944,-73.68,13240.0,OIL
34.181042,-80.267777,13274.0,BIOMASS
40.029444,-105.004722,13416.0,BIOMASS
39.7668,-75.4238,13436.0,GAS
40.0205,-105.2009,13467.0,GAS
42.3844,-122.7718,13533.0,BIOMASS
47.331006,-116.890352,13550.0,BIOMASS
38.3836,-78.6528,13561.0,GAS
38.226752,-121.843271,13603.0,GAS
32.796106,-116.972073,13648.0,GAS
38.398867,-121.923973,13660.0,GAS
44.954853,-116.387134,13747.0,BIOMASS
41.927102,-72.683143,13790.999,GAS
38.368889,-122.765833,13834.0,BIOMASS
37.4594,-105.8947,13872.0,GAS
47.531667,-116.93,13970.0,BIOMASS
40.3664,-76.4931,13996.0,BIOMASS
36.5397,-119.5794,14004.0,GAS
41.800909,-88.197156,14037.0,GAS
30.314467,-81.662705,14053.0,GAS
43.29236,-93.392798,14103.8,GAS
44.067792,-70.260831,14130.0,BIOMASS
39.674,-121.73,14160.0,BIOMASS
41.3362,-82.602,14167.0,BIOMASS
43.9603,-88.9158,14258.001,BIOMASS
42.3125,-72.639444,14294.0,GAS
38.6183,-121.0564,14316.0,GAS
40.1817,-111.6203,14373.0,GAS
33.1165,-117.3215,14378.0,BIOMASS
39.6125,-97.2778,14416.0,GAS
33.585257,-101.886093,14442.0,GAS
42.9671,-78.9182,14497.0,GAS
41.515211,-84.293549,14509.0,BIOMASS
32.05,-100.6917,14615.0,GAS
33.137711,-81.748294,14672.0,OIL
40.1501,-122.2124,14789.008,GAS
34.1772,-118.3147,14799.0,GAS
40.961706,-72.210277,14813.001,OIL
40.58337,-111.653903,14985.001,GAS
35.790864,-119.294469,15028.0,GAS
37.6297,-94.6414,15040.0,BIOMASS
40.6817,-89.5167,15062.001,BIOMASS
44.888881,-94.349348,15069.0,GAS
42.156898,-72.524153,15123.0,GAS
32.724553,-97.537118,15145.0,BIOMASS
40.1108,-75.9547,15206.0,BIOMASS
43.472885,-83.411763,15233.85,GAS
43.8983,-83.9494,15243.0,BIOMASS
34.7439,-87.8486,15325.0,GAS
40.183889,-75.234167,15389.0,GAS
38.363411,-97.68335,15437.999,GAS
41.573,-73.9646,15508.0,GAS
37.7886,-122.2889,15565.0,GAS
41.151111,-76.917777,15565.0,BIOMASS
33.121943,-117.117441,15583.0,GAS
40.6635,-74.0051,15660.0,OIL
40.7412,-91.116667,15667.0,GAS
43.0142,-74.4739,15737.0,BIOMASS
43.684857,-70.353152,15759.0,HYDRO
42.1989,-79.3186,15805.002,BIOMASS
38.3847,-75.6344,15879.006,BIOMASS
40.9692,-81.7756,15879.87,GAS
37.231944,-92.453889,15987.0,BIOMASS
40.294347,-85.654444,16033.0,GAS
36.161953,-96.186509,16128.0,BIOMASS
42.521747,-70.938657,16152.0,GAS
44.3528,-89.5836,16182.0,GAS
40.108316,-74.826404,16187.0,GAS
36.9178,-121.8156,16194.999,BIOMASS
33.7641,-118.2248,16222.0,GAS
40.379703,-85.088192,16292.0,BIOMASS
38.396737,-82.808819,16335.999,BIOMASS
44.781,-93.042,16416.0,GAS
39.9589,-76.4442,16549.0,BIOMASS
36.10447,-79.723622,16590.0,BIOMASS
48.269737,-121.599979,16591.0,BIOMASS
41.6514,-86.9036,16651.0,BIOMASS
43.96211,-122.997361,16657.0,BIOMASS
34.61577,-81.818661,16798.0,BIOMASS
41.658794,-87.577716,16818.0,BIOMASS
39.4494,-75.0928,16842.999,BIOMASS
45.4533,-91.3583,16894.0,BIOMASS
42.6544,-78.0772,16931.35,GAS
29.709444,-95.400278,16978.0,GAS
38.900216,-77.050788,16998.0,GAS
33.8912,-117.6085,16999.0,GAS
41.870751,-87.678378,17085.0,GAS
33.6039,-101.8408,17105.0,GAS
39.7631,-86.1667,17155.42,GAS
36.6894,-119.73989,17229.0,GAS
38.41,-98.8689,17263.0,GAS
37.183,-80.699,17267.994,BIOMASS
32.7755,-83.4348,17500.0,BIOMASS
42.309555,-71.805218,17591.0,GAS
41.814444,-76.2875,17610.0,GAS
40.844114,-73.876888,17653.001,GAS
34.102996,-80.790494,17671.0,BIOMASS
45.3158,-93.5781,17740.001,OIL
41.509959,-90.534021,17820.0,HYDRO
42.0931,-88.2397,17823.001,GAS
37.2319,-80.4211,17824.0,GAS
32.562448,-116.943869,17829.0,GAS
38.014423,-121.790679,17871.0,GAS
42.8475,-108.3136,17906.0,GAS
35.016111,-106.669722,18008.0,GAS
38.964646,-92.316768,18060.999,GAS
40.928161,-76.040929,18110.999,GAS
40.751111,-73.991667,18144.999,GAS
38.596283,-121.687518,18187.001,BIOMASS
36.651,-98.7656,18221.001,GAS
40.414455,-85.025545,18267.0,GAS
42.466911,-114.004567,18297.0,BIOMASS
41.1718,-83.3777,18346.58,GAS
35.6647,-101.4354,18513.0,GAS
44.8158,-94.2489,18523.0,BIOMASS
40.959257,-74.015107,18538.0,OIL
43.09534,-75.278357,18579.001,GAS
37.3097,-78.0589,18583.008,BIOMASS
39.603,-84.2047,18591.002,GAS
33.681944,-112.476666,18605.0,BIOMASS
43.80237,-98.10182,18612.0,GAS
44.6781,-67.5477,18702.0,BIOMASS
36.270072,-119.648055,18850.0,GAS
32.6956,-108.1225,18869.0,GAS
32.4522,-84.3872,18892.0,BIOMASS
42.162647,-72.536701,18937.0,BIOMASS
37.571672,-90.317251,18976.0,GAS
43.096898,-96.476983,18995.0,GAS
41.981004,-88.27452,19015.0,BIOMASS
39.163279,-119.180472,19030.0,GEOTHERMAL
48.3877,-114.2409,19041.0,BIOMASS
28.790186,-81.089015,19269.0,BIOMASS
38.6603,-90.1317,19304.001,GAS
39.5678,-89.3683,19357.0,BIOMASS
39.493315,-119.620304,19358.0,BIOMASS
36.3275,-119.2947,19362.0,GAS
33.3594,-117.1114,19414.0,GAS
41.795,-80.91,19447.0,BIOMASS
42.513608,-92.459122,19517.0,OIL
37.7315,-121.116,19662.0,GAS
37.95,-76.711,19824.0,OIL
29.7372,-98.0228,19964.0,BIOMASS
40.941967,-85.803585,19978.12,GAS
40.2877,-94.7913,20004.0,GAS
30.0497,-90.6839,20038.0,GAS
38.734218,-84.405901,20044.0,BIOMASS
40.67,-111.89,20139.0,GAS
39.858,-75.323,20218.0,GAS
29.726017,-95.638249,20282.0,GAS
42.243704,-75.982533,20316.0,BIOMASS
29.721048,-95.39536,20399.0,GAS
38.160833,-122.565,20479.0,BIOMASS
28.811828,-81.865273,20488.0,GAS
42.356343,-85.005779,20488.999,BIOMASS
40.957053,-72.865877,20497.0,OIL
41.343056,-88.101389,20523.0,BIOMASS
39.693333,-75.543056,20600.0,BIOMASS
39.6522,-104.7161,20671.0,BIOMASS
33.7771,-118.2303,20674.0,GAS
41.924722,-88.998611,20771.001,BIOMASS
31.213645,-81.546165,20820.998,OIL
42.299332,-83.705318,20856.998,GAS
44.611944,-123.931944,20901.0,BIOMASS
32.857709,-117.028847,20938.0,BIOMASS
32.911111,-115.568056,21075.19,GAS
41.72496,-70.977965,21160.0,BIOMASS
40.9569,-72.8774,21171.0,OIL
40.08,-74.8917,21185.0,OIL
37.9978,-122.0697,21209.0,GAS
41.744973,-71.458415,21267.0,GAS
37.825833,-122.296111,21282.0,BIOMASS
39.451,-75.0578,21294.0,GAS
42.319817,-94.287353,21298.0,GAS
38.6642,-90.1764,21361.0,GAS
39.8662,-77.1648,21396.999,GAS
36.211389,-86.694444,21413.0,GAS
36.140849,-94.259713,21505.0,BIOMASS
32.3358,-100.9156,21625.998,GAS
43.0789,-89.3744,21753.0,GAS
41.748611,-111.811667,21758.0,GAS
42.7225,-83.263055,21772.0,BIOMASS
40.966198,-94.795751,21823.0,GAS
32.401,-111.1262,21842.001,GAS
25.549834,-80.336253,21891.0,BIOMASS
43.835833,-71.1967,21937.0,BIOMASS
42.3284,-93.6623,21968.0,GAS
40.120833,-88.961111,21982.0,BIOMASS
40.6942,-99.7011,21993.0,GAS
37.1073,-120.2485,22104.0,GAS
40.4705,-88.3987,22155.0,GAS
45.2537,-68.62792,22223.0,BIOMASS
35.953293,-120.859952,22282.0,GAS
36.1172,-84.0317,22336.001,BIOMASS
30.57,-87.39,22376.0,BIOMASS
42.61343,-71.633767,22429.0,GAS
36.654114,-120.579727,22524.0,GAS
39.734456,-86.189075,22534.0,BIOMASS
33.1975,-97.1061,22541.0,GAS
33.031111,-96.957222,22618.0,BIOMASS
42.632124,-71.313235,22623.0,GAS
44.285,-105.3786,22633.0,GAS
42.7814,-85.6728,22767.0,BIOMASS
38.6892,-77.2375,22773.0,BIOMASS
43.697222,-116.271389,22801.0,BIOMASS
35.51647,-119.040128,22913.0,GAS
40.50368,-111.425246,23022.999,GAS
44.7014,-69.8319,23035.0,BIOMASS
40.090556,-76.145556,23064.0,BIOMASS
33.8073,-117.9832,23165.0,GAS
40.339838,-74.62393,23170.51,GAS
39.084722,-76.676389,23185.0,BIOMASS
44.435556,-93.906389,23331.0,BIOMASS
41.622942,-85.975161,23370.0,BIOMASS
41.871914,-88.287721,23373.0,BIOMASS
35.1681,-77.2267,23421.996,BIOMASS
43.442871,-72.056,23430.0,BIOMASS
36.8347,-119.7667,23468.0,GAS
41.624438,-93.584515,23532.0,COAL
41.862778,-71.891667,23588.0,GAS
41.1603,-87.8542,23616.0,GAS
40.721322,-86.342144,23635.0,BIOMASS
40.460717,-74.327161,23759.0,GAS
41.405278,-73.4475,23760.0,GAS
38.003928,-121.934491,23761.0,BIOMASS
39.389728,-76.392006,23781.0,BIOMASS
41.429444,-87.6187,23794.0,GAS
39.648565,-106.949394,23800.0,GAS
41.143056,-81.340833,23813.0,GAS
35.769281,-80.826001,23838.0,BIOMASS
35.3857,-81.172,23861.001,BIOMASS
32.648611,-96.644444,23870.001,BIOMASS
44.796405,-95.179787,23998.0,COAL
38.029722,-120.929722,24090.0,BIOMASS
43.33349,-85.506011,24130.0,BIOMASS
40.303422,-121.244431,24144.0,BIOMASS
34.8332,-92.157103,24153.0,BIOMASS
37.336113,-121.878332,24165.0,GAS
41.6836,-87.4233,24190.0,OFSL
41.8103,-71.41,24191.03,GAS
38.552371,-92.04493,24290.001,BIOMASS
35.414719,-97.373445,24303.0,GAS
41.1589,-73.2572,24361.0,GAS
41.151111,-76.917777,24440.0,BIOMASS
40.4175,-86.8447,24449.0,GAS
41.8653,-71.1061,24496.0,GAS
38.38932,-97.61108,24522.0,GAS
40.7461,-112.0339,24526.0,BIOMASS
43.27975,-83.865066,24656.0,BIOMASS
26.155833,-81.658055,24775.0,BIOMASS
38.78758,-94.277689,24784.0,GAS
38.895,-83.903,24927.0,BIOMASS
34.385278,-80.067778,24988.0,BIOMASS
35.2964,-84.7569,25045.4,GAS
43.1952,-88.1496,25189.002,GAS
42.5497,-83.4425,25209.0,GAS
42.91577,-82.594507,25213.0,BIOMASS
32.775093,-97.14209,25300.0,GAS
37.4058,-121.9272,25314.0,GAS
39.13667,-121.639846,25557.0,GAS
42.7527,-108.1697,25567.0,GAS
36.617022,-120.099846,25768.0,GAS
35.294444,-80.998889,25916.0,BIOMASS
43.82,-75.9175,26068.0,BIOMASS
43.2898,-123.361638,26076.51,BIOMASS
41.73379,-88.084908,26279.0,BIOMASS
41.7614,-72.6686,26472.0,GAS
34.2925,-118.389444,26551.0,BIOMASS
42.175833,-86.28,26560.0,BIOMASS
40.624,-74.634,26569.0,GAS
43.462222,-75.418333,26603.0,BIOMASS
40.914444,-80.586111,26701.0,BIOMASS
36.191241,-80.183458,26705.0,BIOMASS
42.248889,-83.628889,26797.0,GAS
40.881389,-73.880278,26851.999,GAS
39.988611,-75.083333,26876.0,BIOMASS
39.0728,-121.3992,26878.0,BIOMASS
40.7205,-74.1263,26886.0,GAS
42.3156,-89.0356,26947.0,GAS
43.590456,-84.779,27040.23,GAS
42.172718,-121.814393,27048.0,GAS
45.1672,-123.2511,27049.002,BIOMASS
33.8759,-118.2491,27234.0,GAS
43.0647,-78.2972,27297.0,GAS
32.7992,-117.1517,27409.961,GAS
37.364297,-121.944238,27634.0,GAS
44.895741,-94.368433,27642.0,GAS
30.304994,-97.707675,27674.0,GAS
44.1203,-103.26,27683.0,GAS
40.43727,-79.98741,27892.0,GAS
38.5992,-75.4342,27898.0,BIOMASS
40.73928,-74.187633,27930.0,GAS
47.927202,-97.007153,28000.0,COAL
41.647,-73.943,28058.0,BIOMASS
42.9383,-70.8406,28070.0,GAS
32.329402,-80.694722,28174.001,GAS
37.455314,-122.172797,28212.0,GAS
39.8014,-77.7883,28257.984,BIOMASS
40.754865,-73.983248,28272.0,GAS
30.3344,-97.6217,28356.999,BIOMASS
34.0053,-117.5604,28370.0,GAS
40.6144,-79.1594,28376.0,GAS
37.9703,-100.8956,28490.0,GAS
28.39265,-80.828666,28510.0,BIOMASS
36.999,-121.5363,28539.0,GAS
35.949209,-83.926065,28582.0,GAS
40.269444,-74.773333,28712.0,GAS
43.2094,-78.9836,28926.002,BIOMASS
39.8586,-105.2256,28938.0,GAS
37.883406,-121.185104,28939.0,BIOMASS
32.77973,-117.006397,29008.0,GAS
32.8265,-79.9634,29371.0,GAS
40.850964,-81.765764,29511.0,COAL
36.35867,-114.87483,29535.0,BIOMASS
35.9714,-94.0014,29544.0,GAS
40.817037,-73.066265,29653.0,OIL
34.343875,-85.866103,29838.0,BIOMASS
28.7853,-97.0093,29894.0,GAS
34.138467,-118.1256,30320.0,GAS
38.8608,-84.6556,30331.001,BIOMASS
43.740164,-83.449953,30422.0,GAS
34.205556,-119.246944,30425.0,GAS
40.866463,-96.614486,30432.0,COAL
39.0339,-75.7233,30475.0,BIOMASS
37.2144,-76.4611,30519.0,OIL
34.894167,-82.178333,30552.0,BIOMASS
42.981667,-83.979444,30570.0,BIOMASS
30.815,-83.3625,30702.0,BIOMASS
32.903333,-117.195556,30768.0,GAS
37.8258,-122.2961,30774.0,BIOMASS
41.2908,-79.8061,30814.0,GAS
42.8869,-87.8422,31057.0,BIOMASS
38.1114,-89.3467,31073.0,GAS
40.622,-83.157,31114.0,GAS
39.912438,-82.244992,31256.001,BIOMASS
44.783611,-93.481111,31311.0,GAS
45.062836,-83.423333,31311.0,GAS
30.227953,-82.040881,31357.002,BIOMASS
44.808333,-68.750833,31502.0,GAS
27.203,-82.387,31579.0,BIOMASS
41.3237,-89.1123,31640.002,HYDRO
41.10603,-72.376155,31642.0,OIL
45.601,-93.2081,31693.0,GAS
37.754444,-121.728889,31713.0,BIOMASS
43.3705,-96.9598,31745.0,BIOMASS
46.975556,-122.290556,31850.001,BIOMASS
40.4439,-86.86,31878.03,GAS
30.928333,-85.426111,31950.0,BIOMASS
40.886867,-111.885332,31976.001,GAS
37.749308,-121.649866,32346.0,BIOMASS
30.477,-91.211,32423.0,GAS
37.1575,-76.6911,32616.0,GAS
40.086463,-76.17603,32879.0,BIOMASS
44.7956,-93.5386,32934.0,BIOMASS
37.79675,-122.28185,32963.0,OIL
39.56,-85.822,33027.0,GAS
44.085225,-93.262714,33109.0,GAS
43.2094,-78.9836,33222.0,BIOMASS
42.655,-73.7777,33232.0,GAS
42.5328,-114.4328,33255.19,GAS
36.9997,-122.0622,33434.0,GAS
32.567041,-116.944197,33459.0,GAS
35.483736,-119.029856,33473.0,GAS
32.8769,-117.166389,33489.0,GAS
33.688721,-117.834793,33534.0,GAS
43.089999,-88.739677,33542.0,BIOMASS
38.838056,-121.341944,33577.002,BIOMASS
36.1375,-115.0339,33587.001,GAS
33.494925,-117.614587,33612.0,BIOMASS
34.1511,-118.7236,33678.0,BIOMASS
36.7131,-121.7686,33695.0,BIOMASS
40.4128,-120.4774,33712.0,GAS
39.9109,-77.6667,33804.0,GAS
40.275,-75.8167,33935.0,BIOMASS
41.435556,-122.376944,34042.0,BIOMASS
33.244192,-84.122025,34265.001,BIOMASS
29.227109,-95.430756,34276.998,GAS
32.894722,-117.198056,34285.0,GAS
32.280032,-106.753716,34365.0,GAS
45.71,-119.901111,34431.0,GAS
35.66704,-101.432004,34451.0,OFSL
35.295556,-118.918333,34512.0,GAS
35.354444,-119.6617,34637.0,GAS
42.235,-70.9672,34767.0,GAS
42.535393,-71.848058,34769.001,BIOMASS
35.9069,-79.0617,34773.0,OIL
38.0906,-97.874722,35122.001,GAS
42.306389,-87.851944,35277.0,GAS
44.3331,-69.2019,35342.0,BIOMASS
29.3467,-98.6536,35431.002,BIOMASS
32.904167,-117.201111,35452.0,GAS
42.353333,-70.962778,35508.9,BIOMASS
33.0139,-115.5439,35666.0,GEOTHERMAL
44.4821,-73.1164,35667.0,HYDRO
40.8592,-75.2627,35700.0,BIOMASS
41.808611,-86.323889,35787.0,BIOMASS
44.175007,-87.828519,35793.0,BIOMASS
42.060172,-80.020765,35804.0,BIOMASS
36.6644,-82.1044,35916.0,GAS
36.057892,-88.141965,35985.0,BIOMASS
39.373189,-119.764507,36082.0,GEOTHERMAL
27.5667,-99.5089,36093.0,GAS
33.964988,-83.76564,36273.0,BIOMASS
40.792778,-77.864722,36555.13,GAS
42.2853,-78.0061,36591.999,BIOMASS
32.960714,-87.655419,36625.842,BIOMASS
43.047306,-85.956173,36657.0,BIOMASS
40.765611,-86.879682,36841.998,BIOMASS
37.076352,-76.444373,36877.998,BIOMASS
42.166106,-83.212903,36911.0,BIOMASS
39.111944,-94.581111,36998.0,GAS
42.803325,-73.726741,37010.0,BIOMASS
40.55,-112.0631,37080.0,BIOMASS
44.902814,-91.568096,37085.0,GAS
45.69,-119.61,37227.0,BIOMASS
37.180441,-80.542767,37311.0,GAS
40.615616,-74.26529,37342.0,GAS
33.811182,-118.175645,37457.0,OFSL
46.9026,-96.76112,37459.46,COAL
33.417222,-111.928333,37478.0,GAS
39.7246,-94.8773,37497.0,GAS
35.3639,-119.6592,37513.0,GAS
40.106125,-87.653818,37754.0,GAS
47.4294,-92.935,37832.94,BIOMASS
40.2058,-80.2611,37893.0,BIOMASS
47.76468,-96.633375,38329.55,COAL
36.066336,-94.172254,38362.0,GAS
41.4936,-86.1658,38421.0,BIOMASS
45.296797,-93.558447,38541.0,GAS
38.6359,-90.1809,38545.0,GAS
39.8078,-104.9542,38600.0,BIOMASS
43.816944,-111.785833,38635.0,GAS
35.851389,-86.365,38680.0,GAS
32.388271,-90.908344,38789.0,GAS
34.033206,-117.906129,39017.0,BIOMASS
34.431664,-118.642855,39173.0,BIOMASS
33.943889,-118.404167,39227.0,GAS
43.6556,-70.3347,39254.0,BIOMASS
40.324722,-74.707778,39299.0,GAS
32.240833,-110.948333,39303.43,GAS
37.966389,-120.317777,39397.0,BIOMASS
44.6969,-123.2234,39490.001,BIOMASS
42.362222,-89.803611,39634.0,GAS
42.5825,-88.0436,39738.996,BIOMASS
33.880638,-117.88656,39739.001,GAS
33.6942,-117.9381,39861.0,BIOMASS
44.369507,-98.17223,39925.002,GAS
40.0529,-85.7389,40003.0,GAS
44.026072,-92.432313,40111.68,BIOMASS
44.564333,-123.289089,40226.0,GAS
28.05485,-81.798166,40370.0,GAS
35.440539,-119.012861,40435.0,GAS
30.394298,-81.557214,40498.0,GAS
36.033761,-80.227404,40509.0,BIOMASS
33.655,-84.394444,40746.999,GAS
43.4586,-76.5319,41076.0,OIL
35.346102,-119.643431,41444.0,GAS
28.063777,-81.097236,41563.002,BIOMASS
35.5005,-119.046,41796.0,GAS
43.6058,-116.5753,41828.0,GAS
40.763056,-111.841667,41857.0,GAS
29.6383,-82.34,42170.0,GAS
42.850556,-88.069722,42284.0,BIOMASS
33.910873,-116.552994,42474.999,GAS
35.332974,-79.964939,42481.998,BIOMASS
42.2947,-83.1019,42531.0,GAS
42.5983,-72.3875,42616.48,GAS
40.677188,-89.604911,43029.0,GAS
36.7639,-77.8108,43034.005,BIOMASS
41.5444,-73.0417,43065.0,GAS
44.6917,-73.5944,43141.0,BIOMASS
35.509041,-119.030546,43223.0,GAS
40.865207,-74.196651,43238.0,GAS
43.241555,-70.966404,43339.0,BIOMASS
46.8492,-100.8808,43409.0,OFSL
44.6889,-85.2019,43487.0,GAS
32.844845,-117.162747,43549.0,BIOMASS
35.775583,-78.673723,43601.0,GAS
33.195763,-97.802547,43762.004,GAS
43.275,-95.809722,43949.0,GAS
42.5027,-78.0686,43964.0,GAS
40.913333,-112.733889,44049.0,GAS
39.395603,-119.746762,44090.0,GEOTHERMAL
39.394444,-119.7475,44104.0,GEOTHERMAL
40.669608,-76.380716,44130.0,BIOMASS
26.287966,-80.166526,44198.0,BIOMASS
39.359831,-74.434228,44296.0,GAS
32.5256,-92.6497,44478.0,GAS
40.955015,-76.878843,44551.0,GAS
32.0303,-81.2722,44767.0,BIOMASS
42.5831,-78.4864,44807.0,BIOMASS
34.179722,-119.083056,44844.0,GAS
33.1421,-91.975,44962.206,GAS
39.2744,-76.5956,45167.713,GAS
28.513929,-96.794154,45243.0,OIL
33.9328,-117.855,45351.0,GAS
43.17642,-83.847974,45361.002,BIOMASS
37.6451,-118.9143,45383.0,GEOTHERMAL
39.174577,-95.731126,45796.002,BIOMASS
41.716534,-87.970608,45853.0,GAS
36.71979,-97.085758,45956.0,GAS
43.8393,-85.426,45958.0,GAS
39.961944,-77.561111,45982.0,BIOMASS
33.5648,-92.7917,45993.0,GAS
35.3633,-119.6756,46020.0,GAS
41.663056,-76.805556,46056.0,GAS
42.709444,-87.885278,46199.0,GAS
38.8615,-94.2982,46271.0,GAS
32.7976,-88.606,46301.0,GAS
42.5428,-71.8528,46306.0,BIOMASS
39.0192,-92.2629,46341.0,GAS
36.170317,-120.364084,46614.0,GAS
41.657778,-76.049167,46633.0,GAS
38.532161,-94.902633,46835.0,GAS
32.144722,-108.838333,47079.999,GEOTHERMAL
31.764458,-106.391314,47134.999,GAS
32.728822,-114.654053,47179.0,GAS
31.7569,-106.375,47291.0,GAS
33.6433,-117.9556,47465.0,BIOMASS
38.638333,-77.414722,47465.999,BIOMASS
38.597755,-90.210671,47495.0,GAS
40.1356,-77.5072,47568.0,BIOMASS
43.7353,-88.496667,47920.0,GAS
40.610654,-73.762218,47951.0,OIL
40.787,-73.9048,48051.0,GAS
37.519714,-76.624506,48318.0,BIOMASS
41.7631,-72.6733,48571.0,GAS
36.2397,-119.9044,48676.0,GAS
35.4317,-81.0347,48745.008,GAS
41.894444,-76.582778,48768.0,GAS
44.908716,-72.221446,48801.0,BIOMASS
41.383889,-96.254444,48804.0,BIOMASS
40.648611,-74.020833,48820.0,GAS
45.0046,-84.7218,48933.0,GAS
35.220833,-119.583056,49262.0,GAS
43.063706,-77.932902,49291.0,BIOMASS
43.123889,-77.628889,49520.0,GAS
47.079722,-122.365,49664.0,GAS
46.8669,-100.8836,49682.0,COAL
40.809167,-77.8475,50107.0,GAS
39.8028,-84.8953,50370.0,COAL
28.69637,-96.9453,50386.0,GAS
33.1707,-96.1264,50620.001,GAS
37.1867,-120.4903,50843.0,BIOMASS
44.770792,-122.611974,50964.0,BIOMASS
41.237778,-86.246111,50966.999,BIOMASS
40.464851,-80.043761,51088.0,GAS
41.6572,-91.54,51133.696,COAL
40.8359,-74.155,51217.0,GAS
32.143989,-81.14655,51365.0,GAS
37.3517,-77.4969,51390.0,BIOMASS
40.746778,-73.972226,51430.001,GAS
35.0986,-78.8294,51454.0,GAS
34.127146,-84.033376,51496.001,BIOMASS
38.882704,-77.007443,51509.0,GAS
40.7869,-73.1064,51751.0,BIOMASS
34.126,-118.1494,51765.0,GAS
41.2119,-80.8176,51882.0,OFSL
37.6464,-118.9092,51930.999,GEOTHERMAL
42.908815,-83.725085,52382.999,BIOMASS
44.039023,-92.551866,52411.0,GAS
41.2025,-76.068333,52597.0,GAS
31.837173,-89.4635,52963.0,GAS
37.106668,-120.248504,53347.0,BIOMASS
32.229922,-110.952797,53649.73,GAS
37.534,-79.357,53790.0,GAS
41.610981,-76.299361,53797.0,GAS
48.593158,-97.17608,53910.0,COAL
39.3733,-74.4369,54389.0,GAS
38.160653,-113.194462,54570.0,GEOTHERMAL
43.13674,-70.936125,54948.0,BIOMASS
37.498223,-77.368544,54999.0,GAS
43.0483,-78.8539,55348.0,GAS
40.6447,-73.5683,55469.0,GAS
40.475724,-74.446199,55687.0,GAS
41.608611,-75.870556,55690.0,GAS
37.9892,-75.54,55863.997,OIL
36.1556,-120.3972,56474.0,GAS
40.8625,-74.825,56721.0,GAS
42.4564,-73.2181,56796.0,GAS
38.6716,-87.2931,57055.0,GAS
30.43203,-88.18241,57303.0,GAS
40.076611,-74.879172,57315.0,GAS
39.744983,-86.494658,57593.006,BIOMASS
42.0933,-79.2478,57783.0,GAS
44.945514,-69.660705,57893.0,BIOMASS
27.9114,-81.6006,58140.0,GAS
38.820556,-77.018333,58214.001,BIOMASS
44.09785,-92.479815,58461.721,GAS
42.28,-85.606389,58506.0,GAS
35.2269,-119.6294,58521.999,GAS
45.429884,-98.49396,58610.0,GAS
44.7383,-68.8258,58730.0,BIOMASS
42.395335,-83.557999,58833.0,BIOMASS
35.674,-78.854,58842.0,BIOMASS
42.765,-82.745555,59288.0,BIOMASS
34.050391,-117.248417,59386.0,GAS
43.8292,-91.2597,59455.0,BIOMASS
37.438889,-77.128611,60030.0,BIOMASS
36.225,-121.1278,60072.45,GAS
40.6182,-74.06849,60080.0,GAS
39.424444,-75.02,60239.0,GAS
38.8003,-86.4511,60349.998,GAS
42.256111,-84.788333,60445.0,GAS
41.6731,-70.9994,60470.0,GAS
41.611389,-76.843056,60509.0,GAS
33.068055,-96.452481,60509.0,GAS
40.764396,-73.95393,61066.001,GAS
36.775,-76.3083,61298.001,GAS
37.6711,-76.76,61526.988,BIOMASS
35.34598,-80.670385,61626.0,BIOMASS
36.1039,-115.1794,61712.0,GAS
42.2383,-89.1011,61887.0,GAS
40.9314,-88.6548,62037.0,BIOMASS
32.124519,-96.101277,62067.0,GAS
39.279179,-75.623928,62068.0,GAS
37.4344,-121.9464,62259.0,GAS
38.216973,-121.979452,62437.0,BIOMASS
25.9131,-97.5214,63075.0,GAS
40.1808,-117.4739,63084.0,GEOTHERMAL
32.778225,-117.070114,63434.0,GAS
40.6439,-73.5683,63740.0,GAS
32.403056,-97.700556,64020.0,GAS
39.1365,-121.6397,64240.0,GAS
42.105669,-83.498845,64292.004,BIOMASS
38.5136,-121.1944,64442.001,BIOMASS
31.3869,-84.08,64644.0,GAS
35.1133,-119.4706,65357.0,GAS
42.279015,-71.759772,65862.0,GAS
43.3056,-73.591447,66032.0,BIOMASS
45.048467,-122.962761,66627.0,BIOMASS
33.1669,-115.5114,66980.0,GEOTHERMAL
34.237222,-116.054167,67114.001,GAS
40.6097,-73.7622,67302.0,GAS
40.9975,-80.5208,67304.008,BIOMASS
40.341389,-74.657222,67383.999,GAS
33.019646,-96.961986,67451.0,BIOMASS
39.4889,-75.0347,67498.0,GAS
44.918063,-68.63554,67510.0,BIOMASS
40.787062,-73.293412,67723.0,GAS
43.798439,-94.841451,67837.998,GAS
42.764456,-82.747087,68145.0,BIOMASS
39.109344,-121.60931,68183.0,GAS
37.4556,-77.4308,68207.0,GAS
41.748327,-72.636693,68530.0,GAS
30.8889,-88.8054,68575.0,GAS
27.811083,-97.595813,68766.0,GAS
40.7316,-96.7364,68827.999,GAS
26.5769,-80.7469,69092.0,BIOMASS
35.307555,-119.611551,69384.0,GAS
42.3436,-71.0559,69468.0,GAS
39.1392,-121.6387,69558.0,GAS
33.6094,-93.7924,69778.0,GAS
37.762524,-122.456747,69848.0,GAS
31.4894,-87.8989,70289.159,BIOMASS
41.283997,-72.904323,70706.999,OIL
40.7171,-73.9664,70738.0,GAS
41.250009,-73.09865,70863.0,GAS
32.7757,-115.2637,71231.0,GEOTHERMAL
42.625325,-73.749955,71455.0,GAS
42.0474,-92.859444,71850.0,GAS
37.03385,-88.615862,72034.0,GAS
36.868206,-89.840173,72071.0,GAS
35.4837,-119.0298,72265.0,GAS
44.020576,-92.465599,72547.719,GAS
29.647267,-95.451516,72965.0,GAS
43.1922,-88.1597,72981.0,BIOMASS
32.35051,-108.69799,73343.0,GAS
32.2363,-108.5494,73349.0,GAS
43.081667,-77.381667,73400.0,BIOMASS
34.611549,-106.732234,74392.0,GAS
40.7899,-73.9233,75001.0,GAS
41.3315,-72.0786,75195.551,GAS
30.43424,-81.645351,75380.0,GAS
41.8287,-89.4054,75392.0,GAS
41.8108,-88.1486,75642.0,GAS
41.1136,-94.3472,75876.999,GAS
44.885416,-91.515833,76119.002,GAS
29.562372,-95.089302,76946.0,GAS
39.0708,-87.0128,76947.0,GAS
35.084078,-106.625191,77004.0,GAS
39.569771,-90.43602,77028.001,GAS
39.8733,-75.1381,77453.0,BIOMASS
35.3161,-119.6597,77501.0,GAS
33.1589,-115.6455,77505.0,GEOTHERMAL
42.8586,-77.0872,77667.002,BIOMASS
38.2747,-77.3081,77678.0,BIOMASS
40.520066,-81.46815,78030.0,COAL
41.448694,-72.835364,78186.997,GAS
33.9636,-117.4528,78556.0,GAS
32.978056,-103.323889,78906.0,GAS
41.7094,-86.2367,78925.052,GAS
37.0001,-121.5367,79118.0,GAS
33.158,-115.6475,79158.0,GEOTHERMAL
42.238558,-89.101202,79238.0,GAS
30.59208,-87.135391,79601.001,GAS
35.784027,-78.674704,80244.0,GAS
30.2012,-93.1269,80386.0,BIOMASS
41.440893,-87.753189,80605.002,GAS
43.0214,-87.9014,80988.001,GAS
47.697222,-117.147222,81148.998,GAS
28.740206,-81.889188,81236.0,BIOMASS
30.376389,-83.180556,81735.0,GAS
34.1556,-118.2782,81877.0,GAS
31.6004,-89.9468,82478.001,GAS
32.573889,-116.917777,82934.001,GAS
32.5517,-111.3,83312.0,GAS
39.796032,-119.010013,83821.0,GEOTHERMAL
41.598889,-93.355,84172.001,BIOMASS
30.1694,-91.9923,84246.0,GAS
32.356287,-81.168347,84292.0,GAS
30.0253,-96.9945,84378.0,GAS
33.283333,-81.666666,84384.0,BIOMASS
39.2944,-118.5725,84513.0,GEOTHERMAL
33.85336,-118.33,84842.0,OFSL
38.8339,-122.881,84895.0,GEOTHERMAL
47.544582,-95.129652,84982.0,GAS
28.64807,-96.54621,85365.0,GAS
40.380556,-119.399722,85671.0,GEOTHERMAL
36.9333,-82.1997,85724.0,GAS
44.0569,-122.9555,85834.0,BIOMASS
35.7422,-97.655,86200.0,GAS
35.4206,-118.9644,86905.999,GAS
45.5739,-120.2969,87391.004,BIOMASS
42.7553,-86.0853,87921.0,GAS
39.2097,-77.4644,87960.0,GAS
37.5,-122.4,88123.998,BIOMASS
41.5417,-109.1328,88296.19,OTHF
44.7855,-93.4315,88369.0,GAS
39.753999,-118.953497,88378.0,GEOTHERMAL
44.213333,-86.286667,88408.855,GAS
40.885556,-86.704444,88544.0,BIOMASS
40.024937,-74.250137,89557.998,BIOMASS
40.5547,-116.6175,89728.0,GEOTHERMAL
39.748975,-92.384476,90336.0,GAS
32.6947,-117.1436,90389.0,GAS
39.648056,-106.943056,90406.0,BIOMASS
43.2866,-71.5769,90650.0,BIOMASS
34.6779,-82.8231,91218.0,GAS
30.4193,-95.0118,91294.0,GAS
42.099417,-113.38245,91432.0,GEOTHERMAL
41.8675,-87.6524,91737.002,GAS
48.4481,-122.4331,92115.0,BIOMASS
47.437562,-97.06311,92304.0,COAL
40.8767,-121.7016,92331.0,BIOMASS
37.092977,-95.585154,92451.0,GAS
38.223592,-85.841704,92576.0,GAS
44.7132,-73.4557,92618.0,GAS
37.6455,-118.9096,93072.999,GEOTHERMAL
35.0361,-114.1594,93671.0,GAS
35.799798,-114.98173,93762.0,GAS
46.7553,-88.4558,94207.0,BIOMASS
44.506273,-70.239474,94307.0,0
37.789167,-121.601944,94567.0,GAS
35.5438,-89.198,94591.0,GAS
40.565833,-75.163889,94615.0,GAS
35.419181,-118.926643,94671.0,GAS
38.9032,-121.3097,94961.0,BIOMASS
34.4185,-80.1657,95142.0,GAS
38.985844,-76.935478,95405.0,GAS
39.3757,-74.9654,95444.0,GAS
37.248431,-93.170839,95527.0,GAS
38.5569,-104.6875,95788.998,GAS
36.43725,-99.22543,95886.0,GAS
30.2554,-92.0433,95973.0,GAS
44.1967,-94.0009,96516.0,BIOMASS
42.949575,-85.693209,96624.0,BIOMASS
41.4281,-72.1019,97420.0,OIL
29.811956,-90.00843,97481.0,GAS
38.9303,-99.3617,97891.002,GAS
40.417023,-86.915334,98603.0,GAS
32.7881,-115.2481,98804.0,GEOTHERMAL
39.388722,-119.748908,98911.0,GEOTHERMAL
35.848561,-90.725377,99002.0,GAS
42.0275,-93.6394,99125.0,COAL
41.584429,-72.041629,99592.0,BIOMASS
46.954071,-123.761086,99629.0,BIOMASS
31.741629,-81.407856,99669.789,BIOMASS
39.039444,-76.9825,99814.16,GAS
30.4178,-81.5978,100025.0,GAS
39.132519,-78.187474,100130.0,GAS
33.238842,-115.504456,100224.0,GAS
42.085944,-78.45425,100492.0,GAS
29.550278,-96.537778,100551.0,GAS
41.6492,-72.9153,100776.0,BIOMASS
36.145896,-86.803833,101055.0,GAS
33.7061,-91.2371,101062.0,BIOMASS
29.88193,-95.11148,101124.0,GAS
39.4492,-84.4611,101263.998,GAS
30.410556,-91.181389,101990.0,GAS
29.838138,-94.900661,102110.0,GAS
30.4522,-82.8644,102989.0,OTHF
33.6481,-117.8467,103024.0,GAS
38.835836,-118.325339,103957.0,GEOTHERMAL
33.1661,-86.2825,104017.0,GAS
41.1386,-92.6467,104150.3,GAS
40.4903,-74.3156,104156.0,BIOMASS
39.251076,-91.640071,104890.0,GAS
39.9175,-75.1192,105246.0,GAS
32.8156,-115.2568,105697.0,GEOTHERMAL
41.664376,-71.92418,105884.0,BIOMASS
40.811189,-76.452951,106014.0,COAL
33.6439,-117.9792,106269.0,GAS
47.626327,-117.50424,106279.0,BIOMASS
42.281345,-85.494956,106888.0,GAS
42.9281,-76.8408,107806.996,BIOMASS
34.9833,-79.8775,107833.999,HYDRO
38.5857,-75.2341,108090.0,COAL
35.0833,-98.2264,109144.0,GAS
39.149549,-75.547335,109236.0,GAS
45.4431,-89.7342,109330.399,BIOMASS
42.1978,-72.5106,110102.0,GAS
39.2038,-103.7005,110112.0,GAS
40.799,-73.9094,110115.0,GAS
30.3033,-97.6128,112428.0,GAS
39.53,-87.4247,112765.0,GAS
43.0895,-123.4156,113094.0,BIOMASS
39.1781,-76.5268,113205.0,COAL
40.24724,-111.6462,113438.0,GAS
40.7348,-73.3868,113781.0,BIOMASS
40.6631,-74.0,113933.0,GAS
34.9536,-83.3786,114174.0,BIOMASS
38.286173,-98.192128,114332.0,GAS
41.4739,-81.6728,114393.0,OFSL
33.7706,-118.2656,114508.0,GAS
41.3006,-82.1803,114648.0,BIOMASS
43.60347,-96.6356,114890.0,GAS
28.698477,-96.946125,115062.0,GAS
39.390843,-119.754593,115387.0,GEOTHERMAL
43.7155,-71.6585,115455.0,BIOMASS
40.7991,-73.9156,115482.0,GAS
40.495,-80.233,115549.0,GAS
29.2558,-95.2103,115555.13,GAS
40.244242,-76.853872,116094.0,BIOMASS
41.809167,-72.254167,117105.0,GAS
41.475,-72.0688,117228.0,BIOMASS
46.9728,-123.7739,118585.0,BIOMASS
32.069167,-102.585556,118780.0,GAS
40.7686,-111.9289,118821.0,GAS
40.472283,-122.324205,118871.0,BIOMASS
41.750521,-72.652982,119050.0,BIOMASS
43.799446,-92.682874,119100.0,GAS
30.617778,-96.343333,119953.11,GAS
30.7108,-91.3236,120063.0,BIOMASS
28.903863,-81.332329,120273.002,GAS
31.3207,-92.4613,120321.999,GAS
35.033,-117.338,121180.0,GAS
39.5545,-118.85,121342.0,GEOTHERMAL
38.836667,-118.323889,121654.0,GEOTHERMAL
41.452778,-72.136111,121678.0,GAS
47.5306,-92.1619,122280.0,GAS
29.8247,-94.9197,122619.999,GAS
43.3084,-73.6376,122763.79,BIOMASS
40.7537,-73.9508,123002.0,GAS
30.3038,-94.2526,124055.0,GAS
44.5692,-92.516912,124534.0,BIOMASS
36.8083,-76.3036,124779.0,OIL
44.7881,-89.6917,125589.001,BIOMASS
37.3853,-121.141,125880.0,BIOMASS
39.585833,-119.073056,126289.0,GEOTHERMAL
37.874056,-120.477556,127292.0,BIOMASS
33.009944,-102.756945,127787.0,GAS
42.000061,-88.244572,128036.0,GAS
40.3097,-79.8819,128048.0,OFSL
44.54,-88.0086,128297.0,GAS
40.7264,-73.5892,128876.14,GAS
35.1597,-81.4306,129049.0,GAS
31.5839,-102.9633,129621.0,GAS
40.389167,-91.394167,129771.0,GAS
41.944039,-91.639167,129778.0,COAL
35.089829,-119.440881,130461.0,GAS
41.4828,-116.1511,130887.0,GEOTHERMAL
37.558611,-101.099444,130956.996,GAS
39.2794,-88.4772,132064.0,GAS
44.204,-85.2206,132119.0,BIOMASS
37.646053,-118.915794,132473.0,GEOTHERMAL
37.792778,-96.877222,132895.0,GAS
30.2825,-92.5997,132976.0,GAS
34.335678,-118.519188,133263.0,BIOMASS
40.4172,-86.9122,133669.89,GAS
39.7475,-79.838888,133796.0,GAS
33.5561,-112.2153,133958.0,GAS
46.735331,-92.151711,134047.0,BIOMASS
41.9227,-72.6255,134118.02,GAS
39.547537,-118.555613,134432.0,SOLAR
38.016944,-121.765,134655.0,GAS
32.7047,-93.9597,134715.0,GAS
44.68,-83.4167,134800.0,BIOMASS
39.3531,-91.2295,135223.0,GAS
33.837699,-83.699577,136173.0,GAS
36.161944,-97.036944,136553.001,GAS
27.949528,-82.421182,136650.0,BIOMASS
36.813889,-97.125278,137371.0,GAS
43.1,-70.790833,137563.0,OIL
36.688915,-119.723218,137895.0,BIOMASS
44.26169,-85.435224,138451.0,BIOMASS
39.941129,-104.682015,138588.0,GAS
29.883214,-95.111345,138923.0,GAS
41.663765,-87.452325,140021.0,GAS
39.0,-77.0939,140807.0,GAS
45.9293,-112.5194,140930.001,GAS
38.8014,-77.1288,141079.0,BIOMASS
39.7606,-105.215,141194.831,GAS
37.108611,-93.261944,141492.0,GAS
46.153955,-123.40658,141903.0,BIOMASS
41.0772,-74.0181,142139.92,GAS
30.6739,-91.3556,142648.0,GAS
40.4728,-124.1014,142712.0,BIOMASS
29.703454,-95.398317,142773.0,GAS
32.7144,-115.5356,142795.999,GEOTHERMAL
33.238611,-80.450278,143683.0,BIOMASS
33.858056,-117.861667,143719.0,GAS
41.170594,-95.970603,144265.0,GAS
39.1062,-122.1096,144546.0,BIOMASS
32.7146,-115.518,145334.0,GEOTHERMAL
29.3525,-98.5761,145345.0,GAS
44.116306,-123.179007,145431.0,BIOMASS
44.2826,-88.2534,145587.0,BIOMASS
38.560278,-112.581111,146431.0,GEOTHERMAL
30.6608,-81.4706,147144.0,GAS
42.129361,-71.511496,147170.0,GAS
41.4167,-88.1833,147262.743,OTHF
29.49233,-94.98483,147847.002,GAS
33.328107,-86.356825,148251.0,BIOMASS
41.491466,-78.675759,148403.0,GAS
35.576323,-119.006245,148792.0,BIOMASS
33.8119,-83.6953,148975.0,GAS
36.2454,-88.612,149160.0,GAS
32.90411,-90.3781,150494.0,GAS
46.56597,-87.437245,150551.001,GAS
32.995,-81.281944,150976.0,BIOMASS
39.9092,-75.1169,151023.0,BIOMASS
27.8175,-97.4814,151255.0,OIL
41.593802,-71.427609,151322.0,GAS
42.4628,-85.6961,151561.0,GAS
31.3869,-84.08,151651.0,GAS
33.9254,-118.4298,152195.001,BIOMASS
37.112092,-113.516581,152541.0,GAS
43.06132,-76.08239,152666.0,GAS
40.2415,-103.631,152880.0,GAS
41.485,-75.5406,153439.0,GAS
40.546667,-79.768333,153987.0,GAS
33.718889,-117.702222,155990.002,BIOMASS
41.514365,-94.919729,156912.0,GAS
40.7861,-73.2931,156996.0,GAS
33.7683,-118.2836,158548.0,BIOMASS
41.4388,-88.1236,158559.003,GAS
30.1608,-93.345,159252.0,GAS
45.3735,-98.098689,159679.0,GAS
33.1344,-98.6117,161552.0,GAS
41.890026,-80.7612,161718.0,GAS
43.08511,-83.669386,162535.0,BIOMASS
37.3439,-80.765,164960.0,GAS
44.44861,-88.07204,165223.0,GAS
40.6781,-74.2744,166623.69,GAS
44.942889,-93.096559,167027.0,BIOMASS
45.069929,-83.408182,167408.0,OIL
40.736611,-73.388424,168380.0,GAS
44.536688,-92.915528,170107.0,GAS
34.0233,-118.0241,171035.0,BIOMASS
33.7684,-118.2141,172747.0,GAS
38.8319,-121.313652,172849.0,BIOMASS
44.887778,-89.629722,173123.0,BIOMASS
37.870331,-122.26337,173204.0,GAS
40.6191,-76.45,173308.0,COAL
46.587222,-90.9017,173475.0,BIOMASS
40.869972,-73.824437,174170.71,GAS
42.5375,-73.7433,174310.0,GAS
32.5292,-90.7742,174885.0,BIOMASS
30.196571,-93.32197,175126.0,GAS
44.574965,-96.55942,175856.0,GAS
40.368338,-120.264848,176877.0,BIOMASS
36.6842,-119.5522,176967.0,GAS
44.978611,-93.240833,177222.0,GAS
44.023056,-117.46806,178845.999,GEOTHERMAL
48.21,-104.391667,179031.0,GAS
37.425,-121.9319,180099.0,GAS
39.941165,-120.909211,180619.0,BIOMASS
38.7875,-94.9861,181580.0,GAS
38.6905,-121.7371,182445.0,BIOMASS
28.3681,-82.5583,182459.0,BIOMASS
32.331274,-81.201496,182745.0,OIL
39.902556,-86.24405,184553.0,GAS
34.503158,-110.334953,185726.0,BIOMASS
44.3142,-89.8964,186684.0,BIOMASS
32.273178,-101.422386,186822.0,GAS
29.7028,-95.0718,187580.0,GAS
28.0491,-81.9238,188109.0,GAS
39.843743,-75.358801,188778.0,GAS
36.4769,-77.6414,189129.93,BIOMASS
44.4936,-88.0303,189254.0,GAS
37.7903,-97.521667,189558.999,GAS
40.0633,-74.1672,190329.0,GAS
40.0711,-76.6436,190447.0,BIOMASS
39.9528,-85.5039,190625.001,GAS
27.483358,-82.548341,191369.0,GAS
34.1414,-119.1831,192712.0,GAS
41.554444,-72.576666,192821.0,GAS
42.436111,-122.849958,193560.951,BIOMASS
40.8814,-73.2906,194455.0,BIOMASS
38.7538,-93.9983,194471.001,GAS
43.161947,-78.744971,194505.37,GAS
34.183,-90.5621,195655.0,GAS
39.7928,-75.406667,195904.0,COAL
46.926423,-98.499713,196596.0,COAL
40.0967,-75.3103,197022.0,BIOMASS
34.842311,-79.736087,197418.0,GAS
43.891437,-73.396998,198262.27,OIL
44.43,-89.78,198757.136,COAL
35.171,-106.6019,199065.0,GAS
47.80427,-116.867312,199238.0,GAS
43.0839,-79.0056,199441.0,BIOMASS
38.9461,-92.3328,199718.623,BIOMASS
40.075783,-84.615136,200086.0,GAS
40.947913,-95.964026,200648.0,GAS
44.9833,-93.280382,201975.0,BIOMASS
33.759236,-118.239922,202284.0,BIOMASS
40.7931,-111.9038,202634.0,GAS
35.212,-77.1144,202999.83,BIOMASS
43.1669,-88.69,203109.0,GAS
40.8275,-73.6478,203706.001,GAS
38.3902,-85.4133,205401.999,GAS
39.866944,-77.685833,205599.0,GAS
39.134533,-84.509419,206347.45,GAS
36.1855,-94.2841,207013.0,GAS
36.6803,-76.9128,207161.23,GAS
42.4428,-76.4764,207554.0,GAS
35.1897,-81.0122,208487.0,COAL
42.360986,-71.093876,209658.0,GAS
34.4341,-92.9049,210136.0,GAS
40.9961,-118.1414,210695.001,GEOTHERMAL
42.0925,-71.4833,211088.0,GAS
38.824444,-104.833333,211633.0,GAS
29.822201,-95.219429,211854.0,GAS
41.5933,-109.7542,212501.0,COAL
41.4425,-87.7514,213234.0,GAS
30.7217,-96.4608,213608.0,GAS
38.4017,-90.3358,214257.0,COAL
42.447,-70.9804,214422.0,BIOMASS
41.803333,-71.523333,214461.18,BIOMASS
40.105169,-88.241528,214505.101,GAS
38.445681,-121.462387,215800.0,GAS
40.797762,-75.105416,215847.999,OIL
35.4406,-118.9617,216061.0,GAS
38.6803,-94.4824,216594.0,GAS
41.7775,-87.8233,216622.0,GAS
39.266041,-76.629653,218645.0,BIOMASS
46.103887,-122.918429,218877.0,BIOMASS
44.604921,-84.690578,219171.0,BIOMASS
33.8504,-118.395,219171.0,GAS
29.964938,-93.891283,219662.0,GAS
37.048333,-88.353889,219802.0,GAS
33.778655,-118.23853,221405.0,GAS
30.6612,-81.473,221475.961,BIOMASS
32.8747,-117.2392,221875.0,GAS
40.879719,-121.720342,221896.0,BIOMASS
46.792669,-88.614009,222006.0,GAS
42.281167,-83.734617,222603.0,GAS
35.533056,-115.4525,222771.0,SOLAR
40.217143,-103.68504,223179.0,GAS
40.909653,-96.613086,223937.001,GAS
39.71901,-76.15976,225798.001,GAS
39.6692,-105.0018,225984.0,GAS
31.93985,-94.989834,228181.0,GAS
42.7262,-71.1219,228822.0,BIOMASS
44.4917,-73.208056,228981.0,BIOMASS
43.0047,-76.1149,230692.0,BIOMASS
46.1236,-122.9728,231293.88,BIOMASS
39.37,-119.766944,231321.0,GEOTHERMAL
29.6981,-95.2547,231636.0,GAS
30.1826,-93.3234,231645.7,OFSL
42.137218,-71.4447,232202.0,GAS
42.2969,-83.23125,232914.0,GAS
38.1181,-78.2139,233834.999,GAS
42.1575,-72.5225,233904.0,GAS
43.7508,-70.1567,234089.0,OIL
47.266069,-122.428288,234161.0,BIOMASS
41.558333,-73.413611,234604.0,GAS
31.982076,-89.412714,234825.999,GAS
38.5444,-76.6861,235415.0,GAS
43.147153,-115.666637,235758.0,GAS
27.954901,-82.340469,237180.0,BIOMASS
32.5036,-82.8443,239277.0,BIOMASS
40.737283,-74.096464,243072.0,GAS
42.167,-83.5318,243245.0,GAS
39.3092,-91.5369,243609.0,GAS
39.8746,-75.1592,243891.0,GAS
25.8356,-80.3566,243907.0,BIOMASS
42.962672,-85.494071,247920.0,GAS
45.0869,-87.6892,249112.001,GAS
33.865,-101.843333,251325.0,GAS
27.8322,-97.5281,251461.0,GAS
34.0692,-118.4439,251629.0,GAS
34.045361,-117.540193,251976.0,GAS
42.6658,-88.0131,253372.0,GAS
41.8312,-71.1239,253990.0,GAS
33.1633,-115.6167,254173.0,GEOTHERMAL
33.932022,-117.840233,254205.96,BIOMASS
38.7903,-122.7559,255004.0,GEOTHERMAL
37.2914,-77.2816,255875.0,BIOMASS
37.6953,-95.4586,256671.0,GAS
30.054,-90.6693,256831.81,GAS
40.0017,-76.7183,257678.0,BIOMASS
38.3441,-82.5938,258049.002,GAS
27.5697,-97.8228,258837.0,GAS
40.162633,-74.768164,259457.0,BIOMASS
44.03647,-75.77204,259476.0,BIOMASS
36.116492,-95.990974,262027.0,GAS
38.4889,-112.8533,262129.0,GEOTHERMAL
35.026,-106.644,263079.0,GAS
45.140614,-70.425577,263286.0,BIOMASS
30.364818,-81.625967,263328.0,GAS
29.9728,-94.2142,263968.0,GAS
48.6067,-93.4066,266193.0,BIOMASS
41.6317,-87.1728,266357.0,GAS
35.556111,-115.468611,267347.0,SOLAR
26.7351,-80.9377,267422.0,BIOMASS
35.9515,-120.8679,267748.0,GAS
44.45483,-93.02119,268498.91,GAS
35.093046,-119.443617,269778.0,GAS
29.480277,-95.620277,270302.0,GAS
30.0688,-83.5253,270548.767,BIOMASS
44.431667,-70.1619,270966.0,BIOMASS
30.2178,-93.7422,272300.0,BIOMASS
33.910556,-118.425,272755.0,GAS
41.305203,-84.334622,273209.001,GAS
48.4558,-122.4358,273261.0,GAS
38.7492,-122.7117,275929.0,GEOTHERMAL
40.428329,-122.279248,277883.0,BIOMASS
33.7686,-118.2867,278020.0,GAS
35.580833,-115.4825,279046.0,SOLAR
33.1533,-115.6384,279629.0,GEOTHERMAL
37.1385,-94.1041,280561.0,GAS
41.621667,-109.811944,281417.0,COAL
33.586,-116.0873,281569.0,BIOMASS
40.916833,-73.129056,281817.0,GAS
32.9842,-83.8464,281888.0,GAS
29.822222,-91.5425,282723.0,GAS
41.123611,-104.72,282814.0,GAS
39.84919,-88.931944,283825.0,GAS
39.84,-75.2583,284366.69,GAS
36.2319,-115.1222,284611.0,GAS
35.765,-117.3833,284672.85,COAL
34.5431,-98.3244,284855.0,GAS
41.416442,-97.286328,284996.0,COAL
33.1189,-82.8608,285386.0,GAS
36.0019,-117.7886,285434.001,GEOTHERMAL
26.631549,-81.760656,285781.0,BIOMASS
37.5744,-120.985,290065.001,GAS
34.339588,-82.819871,290507.0,GAS
35.130193,-77.167883,291057.0,BIOMASS
43.1989,-77.6319,291116.0,GAS
45.9752,-106.6547,291747.0,COAL
32.7214,-114.7106,293443.001,GAS
36.716628,-108.215282,294719.0,GAS
29.6807,-81.6809,295026.0,BIOMASS
42.7178,-84.4836,295445.869,GAS
40.217963,-75.298823,295596.999,GAS
44.082,-87.6558,297261.0,OIL
30.694444,-83.303056,300871.588,BIOMASS
31.5825,-87.4889,301572.61,BIOMASS
35.0329,-117.701,303112.0,GAS
34.1292,-119.1689,303631.0,GAS
40.601264,-74.266372,303886.0,BIOMASS
41.6334,-88.0629,304087.0,COAL
33.158153,-115.638656,304127.0,GEOTHERMAL
34.221213,-91.907365,306023.0,BIOMASS
39.693494,-75.485811,308054.0,COAL
32.2831,-90.9306,308819.0,GAS
43.1411,-71.4692,308840.0,COAL
39.667002,-117.693658,309310.0,GEOTHERMAL
48.620336,-118.111059,309533.0,BIOMASS
30.4992,-91.1872,311644.0,GAS
35.535,-82.8411,312129.0,BIOMASS
32.4541,-87.9759,312556.222,BIOMASS
45.7956,-87.9556,313116.38,BIOMASS
29.691111,-91.192778,313748.0,GAS
26.0686,-80.1984,314944.001,GAS
38.0736,-122.1411,316045.0,GAS
34.042267,-83.397721,316264.0,GAS
26.771389,-80.141944,317129.0,BIOMASS
42.2214,-71.7669,318641.0,BIOMASS
37.652602,-121.020397,319648.0,GAS
38.596657,-82.828642,320766.0,OFSL
42.0258,-93.6089,322424.0,GAS
40.092192,-104.887844,322513.0,GAS
39.2006,-77.4556,322651.0,BIOMASS
33.157,-115.6386,323495.0,GEOTHERMAL
44.2717,-88.3011,327098.0,GAS
31.5559,-84.1103,328623.0,BIOMASS
39.442836,-76.221761,329794.002,GAS
32.917399,-111.503327,329946.0,GAS
42.4776,-87.895,331565.001,GAS
37.175278,-81.961388,331611.0,GAS
38.5283,-77.7681,333810.0,GAS
37.118674,-79.273551,334103.0,BIOMASS
36.6525,-76.9953,335209.0,BIOMASS
40.376319,-86.843695,336118.0,GAS
33.140507,-117.333916,336202.0,GAS
42.77412,-82.4818,336525.0,GAS
32.714224,-103.301469,336921.0,GAS
39.747875,-104.681404,338624.0,GAS
41.8151,-88.2265,339134.998,GAS
42.5744,-73.8592,339246.0,GAS
35.8628,-76.7831,339794.88,BIOMASS
39.73886,-75.50384,339937.0,OIL
42.33685,-71.10815,340057.41,GAS
37.8948,-86.6854,341551.0,BIOMASS
43.1864,-84.8429,344353.0,GAS
30.737741,-88.04977,344588.0,GAS
39.7139,-83.1778,344734.002,GAS
30.2867,-97.7356,344768.07,GAS
39.324611,-82.974039,345488.994,GAS
33.1779,-115.565,346128.0,GEOTHERMAL
29.64536,-95.45169,347158.0,GAS
31.5825,-87.4889,347937.82,BIOMASS
36.701389,-78.873333,347960.0,BIOMASS
42.765,-71.1242,349571.0,BIOMASS
33.1646,-115.616,349726.0,GEOTHERMAL
32.2268,-88.0252,350151.32,BIOMASS
33.1777,-115.6033,350447.0,GEOTHERMAL
38.445883,-96.065247,350815.001,GAS
39.472222,-84.401389,353002.0,OFSL
39.5603,-119.5108,353323.002,GAS
32.6581,-98.3103,354437.0,GAS
37.297834,-77.282982,355646.0,BIOMASS
28.979167,-95.306944,355779.0,GAS
37.943633,-121.330433,357478.0,BIOMASS
40.6206,-85.3057,359580.0,GAS
41.712216,-90.279679,359695.0,GAS
30.3419,-94.0656,362886.809,BIOMASS
27.8489,-81.8775,363173.0,GAS
32.3766,-94.6415,364279.0,GAS
40.455,-78.7472,366187.0,COAL
30.0081,-89.9372,366686.0,GAS
41.277129,-73.942344,367438.0,BIOMASS
33.2553,-94.0696,367672.539,BIOMASS
38.0417,-122.2583,369414.999,OFSL
32.9111,-84.3064,370403.0,GAS
37.7107,-121.4906,370678.0,GAS
29.998884,-90.47684,371436.0,GAS
34.040559,-83.192902,372603.0,BIOMASS
27.87082,-81.825061,372939.78,GAS
45.1554,-67.4012,373515.002,BIOMASS
29.640278,-82.348611,375985.0,GAS
32.2752,-92.7277,375990.103,BIOMASS
41.2691,-79.8134,376818.0,COAL
30.5966,-87.3264,377798.78,BIOMASS
30.791389,-89.909166,378699.0,GAS
34.968651,-79.921738,379050.0,GAS
40.0613,-74.1686,379559.0,GAS
28.8947,-97.135,384035.0,GAS
34.3533,-78.2137,384716.029,BIOMASS
31.905833,-93.1725,385349.0,BIOMASS
36.0192,-117.7917,386019.999,GEOTHERMAL
35.735092,-84.319301,386984.0,GAS
43.751826,-87.878056,387765.0,GAS
40.0614,-111.7294,389231.0,GAS
32.9285,-111.5899,390345.0,GAS
43.075071,-89.4251,390739.0,GAS
28.262778,-81.548611,391934.001,GAS
34.376111,-83.330556,392026.0,BIOMASS
46.423056,-116.976389,392242.0,BIOMASS
33.328259,-81.953078,393866.073,BIOMASS
33.204635,-115.573303,396328.0,GEOTHERMAL
33.045278,-84.125556,398054.0,BIOMASS
38.3681,-82.5339,398272.998,GAS
44.506315,-70.242312,399036.0,GAS
32.426016,-86.870912,400141.0,GAS
40.330184,-96.808153,402806.0,GAS
33.092239,-82.979992,404354.0,GAS
39.5472,-110.3917,404807.0,COAL
46.104713,-112.876605,406019.001,GAS
26.451111,-98.1775,406923.996,GAS
30.8606,-93.3756,407036.42,BIOMASS
28.3661,-80.7947,408511.999,GAS
30.2,-91.0,412040.32,GAS
34.1497,-79.5606,414945.636,BIOMASS
35.0471,-88.2661,415420.984,BIOMASS
34.2528,-85.3275,416001.0,OIL
40.3925,-79.8564,416204.0,OTHF
35.7322,-95.2939,416615.607,GAS
35.44221,-97.647694,417511.0,GAS
35.0727,-81.613,418180.58,GAS
40.949696,-73.078507,419392.001,GAS
33.791667,-118.234722,422226.8,OFSL
29.954321,-93.883592,422434.0,GAS
27.8733,-82.6741,425263.0,BIOMASS
31.2434,-89.0456,425784.54,BIOMASS
40.7376,-74.1255,426114.0,BIOMASS
39.9663,-117.8557,426483.0,GEOTHERMAL
48.746,-122.486,426767.0,GAS
40.507292,-122.423281,426918.0,GAS
31.9698,-87.4806,427148.0,BIOMASS
40.6917,-75.4792,427900.0,COAL
44.5303,-70.5219,428091.0,GAS
44.5513,-70.5414,428411.0,BIOMASS
31.832132,-94.90064,428528.0,BIOMASS
31.6285,-90.0809,430303.0,BIOMASS
31.077,-87.1116,432249.274,BIOMASS
33.9961,-95.1114,437768.0,BIOMASS
38.6681,-76.8678,438667.0,GAS
40.7469,-73.4994,439055.0,GAS
40.854765,-98.348222,441009.0,COAL
35.4515,-118.9849,442695.0,GAS
33.214869,-97.209692,443078.004,GAS
30.7811,-89.8575,443479.027,BIOMASS
26.0687,-80.1986,444603.0,BIOMASS
43.0303,-87.9233,445618.0,GAS
41.4281,-96.4623,447824.0,COAL
31.175406,-81.521637,448357.0,BIOMASS
32.2544,-84.0667,450292.07,BIOMASS
36.0372,-117.7981,451651.0,GEOTHERMAL
37.0286,-88.3958,452185.0,GAS
39.870935,-76.868117,452695.022,BIOMASS
40.7415,-124.2103,453689.0,GAS
43.1056,-82.6964,454549.001,GAS
33.9486,-85.2769,454924.0,GAS
32.9,-79.9667,456468.0,BIOMASS
40.5383,-79.7906,458187.0,COAL
35.452577,-118.985313,458808.0,GAS
48.9905,-122.2733,458958.0,GAS
45.8117,-108.4278,459078.0,OIL
32.7714,-83.6281,459292.126,BIOMASS
41.6703,-87.4803,460624.0,OTHF
32.4856,-83.6039,461898.0,GAS
41.1625,-73.2083,469531.0,BIOMASS
33.9986,-118.2219,470444.0,GAS
32.1561,-81.1586,471950.01,BIOMASS
33.360185,-79.302573,472849.0,BIOMASS
30.489722,-91.187222,473463.0,GAS
39.922328,-87.446358,474919.0,GAS
26.772439,-80.141815,476956.0,BIOMASS
35.462382,-93.804926,477582.0,GAS
41.5711,-73.9747,477728.0,OIL
46.7243,-92.4298,478917.3,BIOMASS
38.0244,-122.0589,479547.0,GAS
35.438611,-119.7075,481439.001,GAS
38.752,-122.7195,487956.0,GEOTHERMAL
41.504453,-82.054619,490157.0,COAL
37.5392,-76.8053,492041.0,BIOMASS
34.008709,-117.944864,492258.0,GAS
45.7578,-107.6,493908.0,COAL
40.937939,-80.369007,494156.0,GAS
46.512697,-87.510741,494252.003,GAS
33.5883,-85.9731,494556.0,GAS
32.310226,-86.52542,495565.0,GAS
31.6593,-81.8439,496040.087,BIOMASS
28.9275,-99.0919,497647.992,GAS
44.217299,-86.28905,498457.0,COAL
44.1936,-88.5064,500169.0,GAS
40.6667,-112.0317,500948.0,GAS
34.1661,-102.4114,504995.0,GAS
40.8556,-75.8781,508403.0,COAL
34.196,-119.1667,509056.0,GAS
33.934167,-116.571388,509219.0,GAS
38.1707,-82.6176,509951.0,GAS
45.8044,-87.0891,512018.52,BIOMASS
39.7475,-80.8547,513834.44,GAS
44.703467,-69.647441,514665.0,BIOMASS
39.8265,-75.3882,515366.0,BIOMASS
33.3602,-88.46,517644.0,BIOMASS
42.690644,-84.657783,524564.0,GAS
41.7694,-70.5097,527623.0,GAS
30.5958,-87.2525,527922.73,GAS
38.7879,-122.7434,535772.0,GEOTHERMAL
30.187508,-90.983963,537858.0,GAS
43.179176,-115.734315,537902.001,GAS
32.4187,-86.4718,538553.0,BIOMASS
33.8872,-80.6397,539817.0,BIOMASS
44.471944,-71.175278,540581.0,BIOMASS
39.5963,-116.8942,542272.999,GEOTHERMAL
41.6844,-87.4214,542398.0,OFSL
42.6789,-76.9483,543006.0,GAS
42.525486,-70.878239,544674.0,GAS
35.0847,-98.23,545524.0,GAS
31.166,-85.0951,546064.0,BIOMASS
32.8358,-96.5458,546430.0,GAS
38.6972,-90.1283,548757.0,OFSL
42.0476,-72.6478,549169.0,GAS
36.9981,-84.5919,549282.0,COAL
40.9297,-84.7392,549759.999,GAS
39.1281,-119.1322,549796.0,GAS
41.494636,-88.123827,550371.0,GAS
29.002,-95.394,553319.0,GAS
36.0417,-115.0117,555638.0,GAS
40.6417,-73.7778,557487.0,GAS
30.159131,-81.518415,560285.0,GAS
37.910278,-87.926111,560332.0,GAS
35.50866,-97.17969,564172.0,GAS
28.675088,-96.956014,566189.0,GAS
42.1217,-83.1808,574849.0,COAL
40.7389,-73.5906,580351.0,BIOMASS
29.378164,-94.92195,580525.0,GAS
42.9767,-89.0492,580845.999,GAS
29.963502,-93.929737,582571.0,GAS
30.681823,-81.455413,582633.22,GAS
30.209,-90.9921,583730.0,GAS
32.7231,-96.9358,584026.0,GAS
41.411944,-88.332778,585238.0,GAS
32.100354,-81.124248,588004.0,BIOMASS
41.8022,-70.7875,590271.0,BIOMASS
44.7956,-92.9119,593646.0,GAS
29.7592,-82.3878,594154.001,GAS
33.6417,-94.1083,599991.65,BIOMASS
32.486787,-92.149597,604365.21,BIOMASS
32.5892,-84.6917,605397.0,GAS
31.8047,-106.5472,606445.0,GAS
38.7928,-121.3811,607480.0,GAS
29.7675,-82.396388,609879.0,BIOMASS
43.25,-73.8125,610834.0,GAS
39.561831,-80.163138,614244.0,COAL
41.429444,-82.264444,615208.997,OIL
29.888462,-93.950984,622712.52,OFSL
33.7688,-118.1009,630475.0,GAS
36.869,-78.704,631232.0,COAL
40.8222,-76.1736,631318.0,COAL
40.7903,-76.1983,637542.0,COAL
42.719722,-84.551667,638915.0,GAS
44.3356,-93.290556,643925.0,GAS
39.4522,-84.4647,645270.0,GAS
38.191661,-82.604586,650913.0,GAS
41.200556,-76.07,652405.0,GAS
47.796667,-103.57861,659580.0,GAS
29.426389,-94.976667,663891.0,GAS
44.2856,-105.3833,663943.0,COAL
39.5911,-116.9119,665051.0,GEOTHERMAL
42.3251,-96.3797,665763.0,COAL
33.6968,-95.5577,666305.0,GAS
40.8158,-73.064,668301.0,GAS
40.439,-74.3444,669078.0,GAS
44.8242,-68.7094,669598.0,GAS
37.291667,-77.281111,677731.0,GAS
29.6461,-82.3208,684501.0,GAS
44.2858,-105.3833,688614.0,COAL
46.178889,-123.171944,694770.0,GAS
36.2253,-114.8783,695280.0,GAS
40.55108,-78.79794,698242.0,COAL
27.88929,-97.258417,699287.0,GAS
37.3767,-121.9508,700251.0,GAS
38.5442,-77.7714,705264.999,GAS
38.530943,-121.400128,706401.0,GAS
42.0099,-71.6701,708046.0,GAS
29.694838,-95.040622,710450.0,GAS
37.8833,-84.1017,710542.999,GAS
35.283357,-101.746423,713298.0,GAS
36.343229,-114.920686,713983.0,GAS
33.865,-101.843333,716649.999,GAS
35.1931,-94.6458,717172.0,COAL
44.2919,-105.3811,720573.0,COAL
28.5105,-96.7706,723745.159,GAS
38.695,-77.2411,724286.0,BIOMASS
28.3665,-82.558611,726132.999,GAS
36.6514,-120.5833,731504.0,GAS
48.2325,-103.95278,735701.001,GAS
33.8148,-83.6954,741972.999,GAS
44.8108,-93.2501,742949.0,GAS
32.1761,-85.0272,743639.64,BIOMASS
33.3516,-84.9996,754090.998,GAS
33.35,-91.1167,755886.0,GAS
34.0556,-81.2172,755990.0,GAS
37.6461,-87.5,763009.0,GAS
42.009722,-71.668909,765028.0,GAS
31.823889,-106.211944,765513.0,GAS
44.3961,-96.53332,767867.0,GAS
33.4225,-111.9122,772545.003,GAS
41.8206,-90.2097,775511.0,COAL
38.0169,-122.1117,776769.0,GAS
42.692222,-84.657222,783930.0,COAL
37.619747,-88.953114,784259.0,COAL
37.799722,-79.9947,790009.0,BIOMASS
31.2546,-88.0299,792908.0,GAS
35.1009,-98.3524,799394.0,GAS
33.358472,-84.991391,800937.999,GAS
41.3917,-91.0569,802865.0,COAL
44.2919,-105.3806,805208.0,COAL
34.0158,-95.3206,806227.0,COAL
28.650278,-96.539722,809548.0,GAS
42.7925,-86.092222,812900.0,GAS
32.974554,-102.743607,816685.0,GAS
32.747058,-100.954661,817570.0,GAS
41.8805,-110.0904,818646.999,GAS
35.9978,-95.9567,824625.0,GAS
40.787674,-73.912561,828822.0,GAS
30.005067,-90.461694,837186.0,GAS
41.574259,-76.043233,838002.0,GAS
38.088056,-121.3875,840306.0,GAS
32.114185,-106.846483,843976.0,GAS
36.0278,-87.9861,845832.004,GAS
31.26423,-88.00267,846721.0,GAS
30.1456,-97.2708,851483.0,GAS
37.9111,-87.3275,855490.0,COAL
35.46988,-97.67498,867663.0,GAS
46.172401,-123.17392,872985.0,GAS
38.0722,-77.5133,875311.0,GAS
32.1575,-93.5562,887968.0,GAS
37.9418,-122.3909,894029.0,GAS
40.0986,-104.7736,894219.0,GAS
33.41342,-85.032329,897924.0,COAL
41.6917,-83.4378,902679.0,OIL
39.3325,-81.3642,906927.0,GAS
38.338475,-121.123978,912683.0,GAS
41.9221,-91.6875,923792.0,COAL
45.063748,-84.825348,924316.0,GAS
38.511,-121.4735,930905.0,GAS
32.16,-110.9047,937837.0,GAS
48.4708,-122.56,949044.0,GAS
42.855463,-88.72992,953524.55,GAS
40.591564,-74.200035,961305.0,GAS
28.7883,-97.01,974797.0,GAS
48.828996,-122.685114,981634.0,GAS
43.3359,-91.1675,983447.0,COAL
41.8167,-71.4042,991141.0,GAS
34.5923,-92.2166,998504.0,GAS
42.3006,-96.3617,1005636.0,COAL
40.5589,-96.7847,1007953.0,COAL
30.34,-88.4919,1011171.0,GAS
41.635,-87.1387,1019915.0,OFSL
28.442623,-81.412343,1020634.0,GAS
38.124688,-78.203543,1021654.0,GAS
36.0875,-115.0507,1022214.0,GAS
41.47724,-83.45983,1027415.0,GAS
41.622426,-87.328936,1029555.0,OTHF
29.866497,-93.96515,1032122.0,GAS
32.848163,-94.547986,1036562.0,GAS
36.5219,-82.5431,1037290.0,OFSL
37.63466,-122.13381,1037388.0,GAS
32.802222,-115.54,1042262.0,GAS
41.06755,-78.366228,1048134.999,GAS
41.6422,-71.1706,1062072.0,GAS
39.5871,-75.6343,1066666.0,OFSL
43.9375,-86.425,1074200.0,GAS
32.3994,-97.4078,1081371.0,GAS
38.320833,-104.52639,1086305.999,GAS
36.0211,-84.1567,1087060.0,COAL
32.7283,-97.2192,1089965.0,GAS
36.5278,-78.8917,1091887.0,COAL
27.6364,-81.9636,1098954.0,GAS
39.870074,-88.890756,1121203.0,COAL
32.7131,-103.3533,1142555.0,GAS
42.112291,-72.015113,1152563.0,GAS
39.727249,-84.211084,1154306.001,GAS
39.942219,-75.188069,1156415.0,GAS
40.652834,-74.09155,1160973.998,GAS
28.988761,-95.395417,1162189.98,GAS
45.03,-92.7786,1171141.0,COAL
38.633451,-104.70577,1179255.0,COAL
29.753517,-94.997277,1202158.998,GAS
32.9728,-102.7417,1213349.0,GAS
35.0786,-81.575,1216623.0,GAS
31.528,-89.3004,1222455.0,GAS
35.170547,-81.416648,1223585.0,GAS
39.1681,-94.6975,1225891.0,COAL
42.3833,-87.8133,1230821.0,COAL
32.6017,-87.7811,1238220.003,GAS
33.9058,-118.4031,1245715.0,GAS
38.3592,-76.9767,1247087.0,COAL
39.754803,-89.602389,1250278.0,COAL
42.3633,-71.0792,1250980.0,GAS
33.3556,-111.9353,1253021.0,GAS
39.187195,-75.499396,1257346.0,GAS
47.086111,-122.365674,1259039.0,GAS
39.595171,-78.745333,1260476.0,COAL
27.746369,-81.849446,1266028.0,GAS
36.5852,-90.1779,1273443.0,GAS
34.2181,-91.9025,1276484.0,GAS
27.6064,-97.3117,1284352.0,GAS
40.638021,-79.351725,1316902.0,GAS
30.5664,-87.115,1318024.0,GAS
43.1047,-70.8061,1320448.0,GAS
41.0714,-76.6672,1326020.0,COAL
40.7461,-116.5297,1342470.0,COAL
30.2586,-91.185,1350972.999,GAS
30.162304,-84.200673,1354941.0,GAS
31.8414,-102.315,1355927.0,GAS
36.916389,-82.338055,1363496.0,COAL
40.616689,-73.647881,1370825.001,GAS
45.847998,-119.67392,1372972.0,GAS
39.711319,-86.196867,1379689.999,GAS
33.4622,-84.8986,1381673.0,GAS
37.78831,-84.71257,1381993.998,COAL
32.9042,-111.7889,1401055.0,GAS
29.308056,-98.3242,1401272.0,GAS
40.881317,-117.151605,1401898.0,COAL
39.0839,-82.3328,1402678.0,GAS
40.671667,-80.336389,1407864.85,GAS
32.32,-96.675,1412878.0,GAS
41.7208,-86.9086,1415875.0,COAL
36.3297,-79.8297,1439160.0,GAS
35.6957,-101.36,1461568.0,GAS
45.0203,-93.2753,1463020.0,GAS
41.2044,-73.9689,1465589.0,GAS
37.4878,-120.8956,1466997.0,GAS
37.072616,-94.698704,1471307.0,GAS
27.819412,-97.419203,1472089.0,GAS
30.5661,-87.2244,1474078.0,GAS
41.5563,-93.5283,1475295.0,GAS
27.523607,-81.923951,1487670.0,GAS
34.96645,-96.7258,1490859.0,GAS
29.723185,-95.128856,1501517.0,GAS
34.1786,-118.3153,1514703.0,GAS
35.788889,-114.994167,1519883.0,GAS
38.0569,-122.2161,1521935.0,GAS
29.9417,-95.5306,1525355.998,GAS
36.8791,-89.6209,1526765.0,COAL
30.525445,-88.128477,1528810.0,GAS
30.7478,-88.0575,1534976.0,GAS
43.904444,-116.819722,1548091.0,GAS
40.0969,-85.9714,1551750.0,GAS
30.4522,-84.4,1558740.0,GAS
45.8114,-120.833,1564498.0,GAS
40.580872,-98.312437,1567873.0,COAL
33.6157,-114.6865,1579922.0,GAS
33.5239,-101.7392,1593111.0,GAS
44.290128,-105.381482,1604717.0,COAL
46.138824,-122.985506,1605363.0,GAS
42.3908,-71.0675,1616842.0,GAS
30.2098,-97.6129,1617601.998,GAS
42.7642,-82.4719,1650325.0,COAL
47.7858,-116.9203,1656480.0,GAS
37.9308,-100.9725,1663202.0,COAL
35.2956,-119.5919,1671953.0,GAS
29.2878,-96.0683,1674033.0,GAS
34.8678,-114.5317,1675601.0,GAS
45.6497,-122.7256,1695598.0,GAS
29.378697,-94.943829,1701978.0,GAS
30.22612,-93.295173,1708412.0,GAS
33.3644,-81.03,1722575.0,GAS
33.0158,-79.9297,1741944.0,COAL
44.1988,-94.003,1753840.0,GAS
38.5367,-77.2806,1766039.0,GAS
41.32909,-95.94466,1779441.0,COAL
43.094,-93.292222,1787050.0,GAS
36.4078,-114.9606,1801968.0,GAS
30.3186,-91.2325,1810498.0,GAS
38.7931,-94.3006,1822224.0,GAS
44.9314,-93.1117,1827724.0,GAS
33.8264,-80.6228,1828351.0,COAL
30.4356,-95.5214,1829465.0,GAS
45.848039,-119.673965,1844243.0,GAS
45.303652,-96.510067,1876689.0,COAL
33.918151,-118.427648,1888081.0,GAS
28.0525,-81.8083,1889302.0,GAS
39.8414,-75.2214,1898033.0,GAS
29.7314,-95.0839,1936131.0,GAS
43.715142,-87.705863,1947936.0,COAL
32.0603,-109.8931,1960278.0,COAL
40.699357,-73.976392,1965711.0,GAS
27.383889,-80.3775,1972255.0,GAS
39.223144,-88.758406,1981699.0,GAS
39.0072,-95.269167,1992285.0,COAL
39.7436,-75.5072,1998514.0,GAS
29.9861,-90.4414,2005814.0,GAS
40.759167,-73.946111,2015753.001,GAS
33.435,-81.9111,2016741.999,GAS
40.8375,-74.0244,2065411.0,GAS
34.244991,-118.391327,2075370.0,GAS
39.18,-76.5389,2084648.0,COAL
27.8139,-97.4283,2095278.0,GAS
28.7044,-98.4775,2099389.0,COAL
44.303583,-91.912647,2101639.0,COAL
29.7731,-94.9019,2106540.0,GAS
40.860905,-105.021207,2141723.999,COAL
41.2164,-87.0261,2142709.036,COAL
46.6225,-122.9131,2171994.0,GAS
42.2488,-84.3767,2204621.0,GAS
32.4481,-94.6903,2221933.41,GAS
35.76135,-95.28732,2239230.0,COAL
28.184444,-82.788611,2248564.0,GAS
47.221447,-101.815722,2266741.0,COAL
35.29774,-97.58985,2298880.0,GAS
29.6225,-95.0458,2312642.0,GAS
37.2207,-121.7457,2315298.0,GAS
34.9394,-110.3033,2316511.0,COAL
33.4417,-112.1583,2316552.0,GAS
28.991289,-95.407481,2321229.28,GAS
40.8142,-72.9403,2322870.0,GAS
46.17894,-123.172039,2323897.0,GAS
33.33184,-79.357236,2327159.0,COAL
33.4083,-85.0403,2333887.0,GAS
28.0801,-81.9229,2349879.0,GAS
37.0659,-94.614,2370683.0,GAS
33.1197,-117.117778,2381530.0,GAS
37.4497,-87.0806,2388553.0,COAL
38.6281,-104.7069,2406691.0,GAS
37.695556,-78.285278,2407706.0,GAS
41.553227,-72.596867,2416228.0,GAS
26.3403,-98.19,2422818.0,GAS
42.173889,-121.810556,2424356.89,GAS
41.6739,-87.4775,2435601.0,GAS
29.759124,-95.009648,2437368.0,GAS
32.33422,-97.731686,2438376.0,GAS
38.0175,-121.7587,2438705.0,GAS
31.091925,-96.69503,2442932.0,COAL
29.751645,-94.92312,2453095.0,GAS
41.7581,-110.5983,2456201.0,COAL
43.6575,-70.375,2461720.0,GAS
30.2294,-91.065,2467513.0,GAS
45.8042,-119.37,2472054.0,GAS
40.2217,-103.6803,2503503.0,COAL
26.34172,-98.175759,2535271.0,GAS
40.0908,-104.5953,2540676.0,GAS
32.277252,-81.284411,2544639.0,GAS
42.110577,-71.453468,2561209.0,GAS
33.764741,-118.09913,2562640.998,GAS
39.3661,-122.27,2564843.0,GAS
33.816647,-118.244841,2567893.0,GAS
33.4072,-85.0386,2571652.0,GAS
41.1692,-73.1844,2576242.0,GAS
36.2561,-94.5241,2578628.0,COAL
40.7889,-73.9069,2586288.0,GAS
34.186494,-102.56999,2587953.0,COAL
32.581481,-116.914969,2589030.0,GAS
39.70257,-80.84552,2592141.2,GAS
30.4392,-89.0286,2595782.0,GAS
42.059876,-71.515811,2598161.0,GAS
28.7128,-97.214167,2603498.0,COAL
32.975,-112.694444,2623542.0,GAS
37.151706,-93.38804,2626362.0,COAL
39.053139,-121.695873,2633375.0,GAS
33.47596,-113.113434,2674207.0,GAS
40.40625,-79.03366,2676077.0,COAL
36.45307,-97.05279,2689342.0,COAL
40.5558,-74.2469,2691071.0,GAS
41.774444,-89.607222,2691374.0,GAS
44.388889,-105.460833,2692916.0,COAL
35.6139,-115.3561,2695274.0,GAS
36.415999,-114.960916,2695780.0,GAS
30.221,-93.2826,2697117.93,GAS
40.5958,-89.6631,2699061.0,COAL
33.8697,-81.0178,2711313.0,GAS
28.9802,-95.342,2713111.27,GAS
33.3417,-112.8897,2721570.0,GAS
42.043333,-92.872778,2724002.0,GAS
32.6908,-92.0183,2724332.0,GAS
42.583056,-89.035833,2750576.0,GAS
32.3958,-94.4367,2762067.0,GAS
34.6292,-87.0214,2769516.0,GAS
38.9036,-84.8514,2777700.0,COAL
39.82144,-111.89345,2805979.0,GAS
35.2097,-119.585,2817208.0,GAS
40.2461,-104.8742,2824216.0,GAS
27.882778,-97.242778,2856321.0,GAS
29.75,-94.9256,2870900.0,GAS
30.1458,-97.55,2873431.0,GAS
36.430554,-114.902405,2898285.0,GAS
27.7944,-82.4036,2898348.0,COAL
30.0242,-93.878,2899168.0,GAS
40.923565,-73.342323,2899977.0,GAS
33.0583,-97.9103,2902777.0,GAS
35.8619,-90.0253,2905481.0,GAS
33.3761,-89.2183,2917579.0,COAL
29.0728,-95.745,2919482.0,GAS
30.0552,-93.7579,2937113.0,GAS
40.4856,-107.185,2945081.0,COAL
32.4607,-94.4852,2957777.0,COAL
34.5789,-109.2708,2973802.0,COAL
35.054029,-114.133272,2974820.0,GAS
30.4922,-91.1864,2979899.0,OTHF
40.7281,-73.9742,3011081.0,GAS
37.9053,-87.715,3013017.0,COAL
32.6514,-86.7386,3013188.0,GAS
45.698611,-119.813056,3017937.0,GAS
40.268522,-75.799669,3020519.0,GAS
38.8675,-84.2289,3046993.0,COAL
31.983587,-106.431777,3047381.0,GAS
36.190278,-95.2894,3061568.0,COAL
43.644996,-83.840074,3067167.0,COAL
32.378969,-90.219906,3069671.0,GAS
41.862114,-86.221394,3077086.0,GAS
36.8006,-108.4386,3096428.0,COAL
35.8992,-84.5194,3126432.0,COAL
35.2025,-81.363056,3128301.0,GAS
42.582051,-89.041214,3131250.0,GAS
40.448674,-74.348879,3137651.0,GAS
30.1478,-97.2714,3141227.0,GAS
30.558,-98.3721,3143980.0,GAS
41.3181,-91.0931,3151308.0,COAL
46.9692,-123.48,3163202.0,GAS
35.9833,-95.9346,3172915.0,GAS
41.1706,-73.1844,3184914.0,GAS
29.8161,-95.10773,3190253.0,GAS
32.51947,-93.760125,3206958.0,GAS
28.488246,-81.166944,3215908.0,GAS
33.582573,-96.617893,3220105.0,GAS
39.807275,-104.964548,3221120.0,GAS
42.625239,-73.750021,3247617.0,GAS
28.6917,-96.5417,3260765.58,GAS
30.2844,-93.2911,3274613.0,OIL
37.3822,-77.3833,3292150.0,COAL
34.9556,-118.844,3294307.0,GAS
41.8017,-71.5186,3294873.0,GAS
40.512825,-79.196107,3309254.0,COAL
34.4297,-92.8317,3311472.0,GAS
30.4172,-81.5525,3313756.0,GAS
32.299349,-107.7834,3333469.0,GAS
33.0147,-89.6753,3346398.0,GAS
34.29759,-92.868344,3362959.0,GAS
39.3931,-87.5108,3387752.0,GAS
29.4731,-95.6244,3392955.0,GAS
42.2422,-70.9661,3396181.0,GAS
32.728333,-103.309444,3415193.0,GAS
42.8457,-87.8294,3417930.0,COAL
33.2881,-89.4201,3425619.0,GAS
42.9042,-71.4261,3433772.0,GAS
40.0864,-109.2844,3450643.0,COAL
41.0961,-92.555833,3450747.0,COAL
33.767229,-118.100194,3451862.0,GAS
29.7806,-97.9894,3478985.0,GAS
39.1306,-94.4778,3483286.0,COAL
39.058056,-77.545,3500283.8,GAS
39.8297,-80.8153,3501887.0,COAL
38.9361,-88.2781,3509803.0,COAL
39.5625,-119.525,3515765.0,GAS
46.755938,-122.859764,3555037.0,COAL
39.8614,-75.3358,3556261.0,GAS
39.465,-84.347778,3556461.0,GAS
38.030071,-121.873004,3557559.0,GAS
42.8378,-105.7769,3581919.0,COAL
37.2094,-88.858889,3622746.0,COAL
39.590556,-89.496389,3624856.0,COAL
28.2764,-81.533,3652549.0,GAS
38.915479,-90.290247,3665843.0,COAL
40.096111,-76.6962,3672788.0,GAS
33.649722,-93.811944,3681339.0,COAL
43.495,-76.4511,3683432.41,GAS
35.280318,-119.470707,3686883.0,GAS
41.224355,-73.099728,3696502.0,GAS
33.3325,-111.7503,3707123.0,GAS
37.8667,-78.3813,3725379.0,GAS
34.0818,-117.2418,3755565.49,GAS
27.641667,-81.9625,3757745.0,GAS
29.378097,-94.932773,3786786.0,GAS
38.5686,-76.8919,3787178.0,GAS
29.72475,-95.176479,3801823.0,GAS
47.280769,-101.321213,3807578.0,COAL
30.7261,-91.3692,3834858.0,COAL
45.794046,-119.313323,3859811.0,GAS
30.8439,-92.261111,3871117.0,GAS
26.0686,-80.1984,3880981.9,GAS
31.400255,-86.476449,3895666.0,GAS
31.474378,-96.957149,3907048.0,COAL
33.645618,-117.979372,3914996.0,GAS
39.719364,-76.161625,3922629.0,GAS
34.283056,-77.985278,3927306.0,GAS
38.8067,-87.2472,3942007.0,COAL
35.6856,-97.2264,3944888.0,GAS
33.3792,-89.2089,3949230.0,GAS
32.017826,-94.619743,3950403.0,GAS
38.0169,-121.8439,3970444.0,GAS
41.377116,-83.161388,3973796.0,GAS
35.4731,-82.5417,4014933.0,GAS
43.4864,-89.4203,4023389.0,COAL
33.244211,-86.458056,4044923.0,COAL
36.0119,-95.6967,4045619.0,GAS
34.5953,-117.3647,4052355.0,GAS
34.3356,-89.9275,4072699.0,GAS
35.6578,-89.3964,4098705.0,GAS
36.4862,-79.7208,4110015.0,GAS
39.894212,-79.938201,4142509.0,GAS
47.065854,-101.213093,4158046.0,COAL
40.4219,-75.9356,4169847.0,GAS
32.654722,-88.762222,4226172.0,GAS
33.05522,-94.839993,4229951.0,COAL
32.7061,-92.0683,4239148.0,GAS
44.3204,-88.208889,4258374.0,GAS
42.594196,-73.763752,4262510.0,GAS
40.801924,-75.107563,4295460.0,GAS
29.7189,-95.2319,4295910.0,GAS
39.48517,-86.4183,4296493.0,GAS
30.5924,-95.9178,4312873.0,GAS
42.8206,-85.9975,4316479.0,GAS
29.257046,-98.384045,4322163.0,GAS
42.2728,-73.8492,4337255.0,GAS
35.6644,-89.9489,4353625.0,COAL
40.6175,-75.3147,4361800.0,GAS
44.8606,-89.6553,4382092.0,COAL
40.545278,-79.768611,4405161.0,GAS
35.29816,-101.747187,4408393.0,COAL
38.1831,-85.8892,4414841.0,GAS
40.515,-74.318889,4422124.0,GAS
42.3026,-83.154,4447878.999,GAS
36.3767,-82.9639,4449216.0,GAS
36.3156,-86.4006,4450512.0,COAL
39.9242,-87.4244,4450666.0,COAL
41.113056,-76.158056,4453231.0,GAS
30.0636,-94.0753,4464461.999,GAS
40.0928,-82.0276,4466737.0,GAS
35.7314,-80.6019,4474654.001,GAS
42.773716,-82.479331,4496030.0,GAS
35.678442,-91.408761,4497183.0,COAL
37.9256,-87.0372,4500501.0,COAL
40.707222,-74.125833,4508038.0,GAS
37.915,-87.3328,4521434.0,COAL
29.593056,-97.973215,4529681.0,GAS
30.2686,-85.7003,4542044.0,GAS
32.6497,-86.74,4552867.0,GAS
39.707893,-79.958974,4559836.0,COAL
38.695519,-76.827785,4581870.0,GAS
37.820805,-77.446246,4583416.001,GAS
36.4317,-95.7008,4640654.0,COAL
39.2008,-79.2636,4644202.0,COAL
31.8594,-97.3586,4651200.0,GAS
33.6464,-88.2717,4662359.0,GAS
38.777,-122.745,4668219.002,GEOTHERMAL
34.9939,-90.0378,4672632.0,GAS
34.6022,-82.435,4710153.0,GAS
39.0694,-87.5108,4818866.0,COAL
41.4122,-74.4378,4830811.0,GAS
34.6831,-95.9349,4843211.0,GAS
35.7133,-80.3767,4866838.0,GAS
30.320556,-81.947222,4871811.0,GAS
32.4302,-97.0537,4884707.0,GAS
39.8592,-79.9182,4942796.0,GAS
38.131248,-90.263157,4942815.0,COAL
41.481243,-73.123108,4953101.0,GAS
39.710833,-79.9275,4954208.0,COAL
41.698992,-86.479699,4984533.0,GAS
39.58,-81.6564,4984653.0,GAS
30.3217,-91.2347,5001084.0,GAS
35.22,-81.7594,5011651.0,GAS
33.334562,-112.840641,5014333.0,GAS
34.6397,-87.0639,5032840.0,GAS
30.428611,-92.413056,5045756.0,GAS
34.835,-89.2026,5051650.0,GAS
40.6217,-74.2072,5076245.0,GAS
40.6604,-79.3411,5077398.999,COAL
32.3594,-81.1242,5083538.0,GAS
41.4797,-88.2581,5094602.0,GAS
40.5408,-89.6786,5094904.0,COAL
33.000669,-85.903278,5116770.0,GAS
36.804837,-121.782241,5118438.0,GAS
47.2611,-93.6528,5121336.0,COAL
40.3509,-76.3658,5136582.0,GAS
41.438536,-88.110626,5185217.0,GAS
38.9794,-81.9344,5216833.0,COAL
38.9144,-82.1289,5229446.0,COAL
40.6322,-74.2156,5242526.0,GAS
40.5317,-80.6319,5256645.0,COAL
34.4228,-92.1406,5278440.0,COAL
36.222058,-95.277064,5299355.0,GAS
40.60441,-81.05918,5330523.0,GAS
28.4698,-80.7644,5358681.0,GAS
35.074087,-90.14868,5433169.996,GAS
39.807038,-75.421606,5444661.0,GAS
36.383719,-114.921779,5446769.0,GAS
36.4833,-79.0731,5460053.0,COAL
41.676111,-73.581111,5462211.0,GAS
31.395,-92.716667,5475799.0,COAL
33.6308,-95.59,5477667.0,GAS
33.101,-97.9574,5486223.0,GAS
39.509731,-112.58018,5510314.0,COAL
30.01,-90.460833,5537585.0,GAS
29.836952,-95.121744,5584156.0,GAS
41.667928,-83.443664,5660712.0,GAS
39.3792,-111.0781,5673115.0,COAL
34.347734,-82.774478,5688274.999,GAS
29.9888,-90.4599,5698863.0,GAS
40.3842,-79.0611,5715098.0,COAL
41.872043,-71.895799,5722994.0,GAS
38.7378,-85.4206,5813741.0,COAL
38.2081,-104.5747,5821281.0,COAL
31.8403,-102.3264,5840317.0,GAS
28.4822,-81.1678,5847101.0,COAL
39.4472,-94.98,5868322.0,COAL
47.370542,-101.83566,5895696.0,COAL
39.8725,-77.1672,5914124.0,GAS
38.205,-89.8544,5923025.0,COAL
42.8492,-87.8336,5949710.0,COAL
30.44083,-95.5275,5985487.0,GAS
37.1517,-88.775,5989493.0,COAL
32.337679,-97.734612,6028639.0,GAS
41.7675,-76.39,6042720.0,GAS
30.2706,-93.28861,6088759.0,GAS
40.994444,-80.43,6185451.5,GAS
39.1128,-84.8036,6241192.0,COAL
29.6244,-98.1419,6315390.0,GAS
41.14889,-80.85162,6366323.0,GAS
31.8907,-96.1131,6386923.0,GAS
41.180833,-76.839167,6387011.0,GAS
29.289415,-96.065399,6437284.0,GAS
29.733056,-81.632778,6490283.0,COAL
38.3481,-94.6456,6552316.0,COAL
40.331667,-111.754167,6578673.0,GAS
41.18,-95.8408,6579706.0,COAL
35.373611,-78.089444,6589338.001,GAS
27.859535,-82.601759,6630487.0,GAS
39.5333,-81.7178,6636082.0,GAS
41.9631,-83.2581,6662563.0,NUCLEAR
30.2588,-93.7353,6668773.0,GAS
32.381352,-86.574366,6762115.0,GAS
26.7653,-80.0525,6765631.0,GAS
27.6058,-82.3456,6768666.0,GAS
29.309722,-98.3203,6784911.0,COAL
42.32238,-86.29368,6803547.0,GAS
42.7756,-82.495,6818124.0,COAL
37.2608,-86.9783,6882425.0,GAS
29.713414,-95.134508,6949621.0,GAS
40.175249,-79.696665,6998619.0,GAS
33.345,-112.864167,7017109.0,GAS
31.055833,-97.317222,7030172.0,GAS
39.5522,-92.6381,7096526.0,COAL
39.7375,-76.306666,7125250.0,GAS
36.3903,-87.6539,7131524.0,COAL
34.3186,-109.1639,7144467.999,COAL
40.6214,-95.7764,7154862.0,COAL
35.5975,-80.9658,7205919.0,GAS
40.781321,-73.896618,7207809.0,GAS
36.765,-77.713889,7228016.0,GAS
26.0856,-80.1253,7248285.0,GAS
31.4219,-96.2525,7256258.0,COAL
27.7286,-81.9897,7301005.0,GAS
33.0606,-83.8075,7301784.0,COAL
38.4731,-81.8233,7306252.0,COAL
38.0525,-85.9103,7312010.0,COAL
39.1747,-111.0289,7381184.0,COAL
43.5861,-84.2242,7411985.37,GAS
41.0808,-101.1408,7451242.0,COAL
40.4627,-107.5912,7507807.0,COAL
32.975,-112.6944,7533986.0,GAS
40.412,-78.855,7607058.0,GAS
33.371506,-80.113235,7626134.0,COAL
38.971667,-78.177222,7658025.0,GAS
42.910296,-86.20074,7677054.0,COAL
36.5147,-89.5617,7691961.0,COAL
40.1475,-74.7411,7693427.0,GAS
43.3842,-87.8689,7695400.0,GAS
27.9072,-82.4231,7698824.0,GAS
40.839014,-76.825517,7750651.0,GAS
34.7094,-84.9175,7926566.0,GAS
38.5281,-87.2525,8007084.999,COAL
39.366667,-81.294444,8080662.0,COAL
47.377743,-101.157058,8385747.0,COAL
38.7,-83.8181,8390600.0,COAL
29.9472,-90.1458,8461811.0,GAS
34.1256,-84.9222,8476152.0,COAL
40.63534,-80.678245,8490504.0,GAS
39.0911,-84.8669,8516235.0,GAS
32.3478,-81.1817,8637475.0,GAS
39.286453,-96.117231,8976087.0,COAL
33.406385,-85.036988,8993964.0,GAS
28.8419,-81.3256,9147080.0,GAS
41.471389,-75.544167,9148444.0,GAS
38.372222,-87.765833,9200516.0,COAL
36.2811,-80.0603,9244086.0,GAS
32.7563,-96.4916,9316915.0,GAS
27.0536,-80.5628,9527667.008,GAS
29.9172,-96.7506,9758501.0,COAL
45.3808,-93.8931,9802293.0,COAL
42.108889,-104.8825,9858855.0,COAL
27.634167,-80.791111,9904600.0,GAS
34.8392,-79.7406,9920411.0,GAS
38.5731,-82.7833,9979375.0,GAS
38.7497,-85.035,10038535.0,COAL
44.2806,-87.5369,10076652.0,NUCLEAR
36.69,-108.4814,10310265.0,COAL
38.5847,-85.4117,10383753.0,COAL
26.6967,-81.7831,10511178.002,GAS
41.7378,-108.7875,10662019.0,COAL
40.2522,-80.6486,10755882.0,COAL
45.8831,-106.614,10865555.0,COAL
30.5322,-88.5553,10960074.0,COAL
36.718236,-77.649559,11145392.0,GAS
38.279167,-89.666944,11608888.0,COAL
32.6078,-85.0975,11641023.0,GAS
31.0069,-88.0103,11894419.0,COAL
38.9347,-82.1158,12002301.0,COAL
39.384167,-80.3325,12058137.0,COAL
27.788215,-81.869983,12240582.0,GAS
32.2606,-94.5706,12592122.0,COAL
31.1803,-96.4866,12618672.0,COAL
33.296146,-92.589364,12788417.0,GAS
29.4828,-95.6311,13122023.0,COAL
41.8906,-83.3464,15349520.0,COAL
28.9656,-82.6977,15701082.0,COAL
38.562244,-90.837686,16446112.0,COAL
33.8239,-84.4758,18428551.0,GAS
26.6986,-80.3747,19536264.0,GAS
25.4356,-80.3308,20793348.0,NUCLEAR
33.6319,-87.0597,21067413.0,COAL
